title, description, offer_text, is_online, category, start_date, end_date
,,Upto Rs 8000 off on flights at Yatra,Y,Travel,2019-06-04,2019-06-09
Pay with Rewards Points at Your Merchant Store,Now  get 5 reward points on every 100 Rs spent for a limited period of time on selected SBI Cards. Find Accelerated Rewards offer details on our website.,,N,Shopping,2019-04-01,2019-05-31
Pay with Rewards Points at Your Merchant Store,Now  pay with rewards points at your merchant store from your SBI credit cards. Find offer details  terms and conditions on the website.,,Y,Shopping,2019-04-01,2019-05-31
Electricity Bill payment – Phonepe Offer,Electricity Bill payment – Phonepe Offer,Electricity Bill payment – Phonepe Offer,Y,Lifestyle,2019-06-01,2019-06-30
Zomato offer 25% off on online food ordering,Zomato 25% off on online food ordering,25% off on online food ordering,Y,Shopping,2019-06-01,2019-07-14
,,Interest Rate- 13% (EMI of Rs. 89/1000 for 12 mth)  Proc Fee Rate-2.00%  Min Proc Fee-Rs.199  Max,N,Shopping,2019-04-01,2019-06-30
,,Interest Rate- 13% (EMI of Rs. 89/1000 for 12 mth)  Proc Fee Rate-2.00%  Min Proc Fee-Rs.199  Max,N,Shopping,2019-04-01,2019-06-30
Get 5% cashback at Best Price stores,Get 5% cashback at Best Price stores,Get 5% cashback at Best Price stores,N,Shopping,2019-06-01,2019-06-10
Get 5% cashback on Spencer’s,,Get 5% cashback,N,Shopping,2019-06-01,2019-06-09
,,Get flat 5% cashback at Fun Family Carnival on Nearbuy,Y,Lifestyle,2019-05-29,2019-06-09
,,International travel offers at MakeMyTrip,N,Travel,2019-04-18,2019-06-26
,,,N,Shopping,2019-04-01,2019-06-30
Myntra Beauty Offer,Myntra Beauty Offer,10% off on personal care and beauty products at Myntra,Y,Shopping,2019-05-28,2019-05-30
Honeywell Air Purifier Cashback Offers | SBI Card,Get amazing Honeywell Air Purifier offers for SBI credit card holders on our website. Also  check out Honeywell Air Purifier credit card offer details  terms and conditions today!,Honeywell Air Purifiers 5% Cashback Offer,N,Shopping,2018-11-06,2018-12-09
LG Cashback,Cashback Offer,Upto 7.5% Cashback Offer,N,Shopping,2019-05-24,2019-05-31
,,Get flat 10% cashback on Cure Fit,Y,Health,2019-05-24,2019-05-31
,,Flat 15% off on Jalesh Cruises,Y,Travel,2019-05-24,2019-07-31
,,Flat 15% off on apparel at Turmswear,Y,Lifestyle,2019-05-22,2019-07-31
,,Flat 15% off on all products at SENIORITY,Y,Health,2019-05-17,2019-07-31
,,10% Instant Discount on Flipkart Supermart,N,Shopping,2019-05-20,2019-05-24
,,POTHYS cashback Offer,N,Shopping,2019-05-17,2019-06-02
,,Additional 5% Cashback at Reliance Trends,N,Shopping,2016-09-01,2016-11-06
,,5% Cashback at tatacliq.com,N,Shopping,2016-09-07,2016-09-28
,,Amazing Travel triangle offers,N,Travel,2016-08-12,2016-10-17
,,Avail 5% Cashback on EMI trxn.,N,Travel,2016-09-07,2016-09-27
,,MyG & 3G Mobile World Offer,N,Shopping,2019-05-16,2019-06-30
,,Flat 25% off on 1 year Gaana Plus subscription,Y,Lifestyle,2019-05-15,2019-08-31
,,Exclusive discounts at TBZ,N,Shopping,2019-05-14,2020-03-15
,,Rs 2000 Instant Discount on OnePlus 7 series,Y,Shopping,2019-05-14,2019-06-30
,,Get upto Rs. 1000 off on Flight Bookings at Akbar Travels,Y,Travel,2019-05-15,2019-07-31
,,10% Instant Cashback,Y,Lifestyle,2019-05-10,2019-05-16
,,Sargam Electronics 5% Cashback Offer,N,Shopping,2019-05-10,2019-06-23
,,Upto Rs 800 off on domestic flights at Yatra,N,Travel,2019-05-10,2019-07-31
,,Upto Rs 800 off on domestic flights at Yatra,N,Travel,2019-04-20,2019-05-08
,,Upto Rs 800 off on domestic flights at Yatra,N,Travel,2019-04-20,2019-05-05
,,Jamshedpur - My City Offers,N,my-city-offers,2019-05-09,2019-09-30
1mg Offers on SBI Credit Cards,Get 1mg offers on your SBI credits cards. Find 1mg offer details  terms and conditions on our website.,Flat Rs. 200 off on Prescription Medicines Upto 40% of on Lab Tests,Y,Health,2019-05-09,2019-07-31
,,Ratnadeep Supermarket Discount Offer,N,Shopping,2019-04-17,2019-05-15
,,Flat Rs 200 off,Y,Shopping,2019-05-09,2019-05-26
,,My City Offers,N,my-city-offers,2019-05-09,2019-06-30
,,Patna - My City Offers,N,my-city-offers,2019-05-09,2019-09-30
,,Guwahati - My City Offers,N,my-city-offers,2019-05-09,2019-09-30
,,,N,Travel,2019-05-07,2019-05-14
,,5% Cashback on Daikin ACs,N,Shopping,2019-05-07,2019-07-06
,,Flat 50% off on Healthians SAVE HEALTH PACKAGE,Y,Health,2019-05-02,2019-07-31
,,Summer Travel Sale - Offers at GoIbibo,Y,Travel,2019-05-06,2019-05-11
,,5% Cashback at Vijay Sales,N,Shopping,2019-05-03,2019-06-04
Poorvika Mobiles Cashback Offer on SBI Credit Cards,Get amazing Poorvika Mobiles cashback offer for SBI credit card holders on our website. Also  check out Poorvika Mobiles credit card offer details  terms and conditions today!,Poorvika Mobile World Offer,N,Shopping|my-city-offers,2019-05-03,2019-05-31
Amazon 5% Cashback Offer on SBI Credit Cards,Get amazing amazon cashback offer for SBI credit card holders on our website. Also  check out amazon credit card offer details  terms and conditions today!,10% Instant Discount at Amazon.in,Y,Shopping,2019-05-02,2019-05-07
Get 5% cashback on Grofers,,Get 5% cashback,N,Shopping,2019-05-03,2019-05-12
,,Get 5% cashback,N,Shopping,2019-05-02,2019-05-05
,,10% Cashback on holiday bookings at MakeMyTrip,Y,Travel,2019-04-30,2019-05-03
,,Get  5% Cashback,N,Shopping,2019-04-30,2019-05-07
,,Get  5% Cashback,N,Shopping,2019-04-29,2019-05-07
Joyalukkas Offer on SBI Credit Cards,Get amazing Joyalukkas offer for SBI credit card holders on our website. Also  check out Joyalukkas credit card offer details  terms and conditions today!,Get  5% Cashback,Y,Shopping,2019-04-26,2019-05-07
,,Rs. 1500 Cashback on Carrier ACs,N,Shopping,2019-04-26,2019-05-30
,,Travel offers at GoIbibo,N,Travel,2019-04-25,2019-06-30
,,Free salon service offer at VLCC,N,Health,2019-04-26,2019-07-31
,,Get  5% Cashback,N,Shopping,2019-04-25,2019-05-07
,,Get 5% cashback,N,Shopping,2019-04-25,2019-05-07
,,City Life,N,Shopping,2019-04-24,2019-08-31
,,Exciting cashback offers on Utility bill payments,N,,2019-04-24,2019-05-23
Amazon 5% Cashback Offer on SBI Credit Cards,Get amazing amazon cashback offer for SBI credit card holders on our website. Also  check out amazon credit card offer details  terms and conditions today!,Amazon.in,Y,Shopping,2019-04-24,2019-04-24
,,Domestic travel offers at MakeMyTrip,N,Travel,2019-04-18,2019-06-29
,,Flat Rs 600 off on domestic flights at Ixigo,N,Travel,2019-04-18,2019-06-30
,,Enjoy 10% Cashback on your retail transaction,N,Shopping,2019-04-17,2019-05-31
,,MakeMyTrip Offers,N,Travel,2019-04-17,2019-06-30
,,Exclusive Offers in Kerala,N,my-city-offers,2019-04-17,2019-09-30
,,Apollo Pharmacy Discount Offer,N,Lifestyle,2019-04-17,2019-06-30
,,Canon 5% Cashback Offer,N,Shopping,2019-04-12,2019-05-05
,,Baazar Kolkata,N,Shopping,2019-04-12,2020-04-20
,,EaseMyTrip Discount Offer,N,Travel,2019-04-12,2019-05-31
,,V2 Retail Cashback Offer,N,Shopping,2019-04-11,2019-05-31
,,Get 7.5% cashback,N,Shopping,2019-04-09,2019-04-16
,,10% Cashback on  contactless transactions,N,Shopping,2019-04-05,2019-05-19
,,,N,Travel,2019-04-05,2019-04-14
,,,N,Shopping,2019-04-05,2019-05-04
,,Lotus Electronics Cashback Offer,N,Shopping,2019-04-03,2019-05-15
,,Ratnadeep Supermarket Cashback Offer,N,Shopping,2019-04-02,2019-04-10
Flat Rs. 500 off at EazyDiner,Get flat Rs. 500 off at EazyDiner for SBI Corporate Credit Card holders on our website. Also  check out eazydiner.com credit card offer details  terms and conditions today!,Flat Rs. 500 off at eazydiner,N,Travel,2019-01-01,2019-12-31
,,Great Eastern Retail 5% cashback Offer,N,Shopping,2019-04-01,2019-04-30
,,Bosch,N,Shopping,2019-04-01,2019-04-07
15% Instant Discount at Amazon on SBI Credit Cards,Get 15% Instant Discount on Amazon’s Super Value Day Store or Pantry Store with your SBI Credit Cards. Find credit card offer details  terms & conditions today!,15% Instant Discount on Amazon’s Super Value Day Store or Pantry Store,Y,Shopping,2019-04-01,2019-04-03
,,,N,Lifestyle|Dining|Shopping|Travel,2015-02-01,2021-04-30
20% Discount at Zomato on SBI Credit Cards,Get 20% instant discount at Zomato with your SBI Credit Cards. Find credit card offer details  terms & conditions today!,20% Discount at Zomato,Y,Dining,2019-03-08,2019-04-30
,,5% Cashback on Vivo Smartphone,Y,Shopping,2019-03-22,2019-05-12
Get 5% cashback at Hyderabad Duty Free,Get amazing Hyderabad Duty Free offers for SBI credit card holders on our website. Also  check out Hyderabad Duty Free credit card offer details  terms and conditions today!,Get 5% cashback at Hyderabad Duty Free,N,Travel,2018-10-25,2019-03-31
10% Off on Cooling Days at Flipkart on SBI Credit Cards,Get 10% Off on Cooling Days at Flipkart with SBI credit cards. Also  check out credit card offer details  terms & conditions today!,10% Off on Cooling Days at Flipkart,Y,Shopping,2019-02-22,2019-02-24
Best discounts at Thomas Cook!,Get amazing Thomas Cook offers for SBI credit card holders on our website. Also  check out Thomas Cook credit card offer details  terms and conditions today!,Flexible EMI options with your SBI Card at thomascook.in,Y,Travel,2019-02-26,2021-12-31
,,5% Instant Discount Off on Oppo F11 Pro Smartphone,Y,Shopping,2019-03-07,2019-03-15
,,Flexible EMI options with your SBI Card at akbartravels.com,Y,Travel,2019-02-26,2021-12-31
,,5% Cashback On Nearbuy,Y,Shopping,2019-03-15,2019-04-21
,,Upto Rs 3000 Discount at rentomojo,Y,Lifestyle|Shopping,2019-03-14,2019-05-31
,,Zomato 50% discount Offer – Select cities,Y,Dining,2019-03-13,2019-03-31
,,5% Cashback at at ThomasCook through YONO App/website,Y,Travel,2019-03-08,2019-03-17
,,Upto 60% Off on Room Bookings,Y,Travel,2017-07-05,2018-03-31
,,Visa Appetite to Stay,N,Travel,2018-05-11,2018-12-31
Up to Rs. 2500 off at Cheapticket.in,Get amazing Cheapticket offers for SBI corporate credit card holders on our website. Also  check out Cheapticket corporate credit card offer details  terms and conditions today!,Up to Rs. 2500 off at Cheapticket.in,N,Travel,2018-12-03,2019-11-30
,,Get 12% Off at Stamford Hotels & Resorts,Y,Travel,2017-10-30,2018-06-30
,,Upto Rs. 3 000 Off on Flight & Domestic Hotel Booking,N,Travel,2017-10-27,2017-12-31
,,10% discount on your room bookings,Y,Travel,2017-05-25,2018-02-28
,,Get 20% Off on Zoomcar,Y,Travel,2019-01-21,2019-09-30
Priority Pass Standard Membership at Rs 180 on SBI Corporate Card,Get Priority Pass Standard Membership at Rs 180 on Some SBI Corporate Credit Cards. Find more credit card offer details and T&Cs now.,Standard Priority Pass Membership at INR 180,Y,Travel,2017-01-23,2019-12-31
,,Flat 30% Off at OYO Rooms,Y,Travel,2018-04-20,2018-06-30
,,Upto Rs. 3000 Off at Yatra,Y,Travel,2018-04-20,2018-12-31
,,Incredible Offers with Preferred,N,Travel,2018-05-04,2018-12-31
,,Get flat 35% off* at printvenue.com,N,Travel,2017-04-20,2017-12-31
Incredible Offers with Clay Telecom,Get incredible offers with Clay Telecom on SBI Corporate Credit Cards. Also  find Clay Telecom credit card offer details today!,Incredible Offers* with Clay Telecom,N,Travel,2018-02-15,2019-02-14
,,Get 10% Off on Dusit Hotels,N,Travel,2017-10-30,2018-03-31
,,10% OFF on BAR (Best Available Rate) for room bookings,N,Travel,2016-11-03,2017-10-31
,,Pinki Travel,Y,Travel,2018-03-23,2018-12-31
Flat 25% Off at Treebo Hotels on SBI Corporate Cards,Get flat 25% Off on hotel bookings online at Treebo Hotels on some SBI Corporate Credit Cards. Find more credit card offer details and T&Cs now.,Flat 25% Off at Treebo Hotels,N,Travel,2018-05-11,2019-09-29
,,Flat 15% OFF on Food and Beverages,N,Travel,2017-05-25,2018-05-31
,,Get 15% Off at Lemon Tree Hotels,N,Travel,2018-08-30,2018-12-31
,,Matrix Offer,Y,Travel,2017-10-30,2018-10-31
,,Get 8% Off at hotles.com,Y,Travel,2019-01-21,2019-12-31
Avail Access to Visa Airport Lounges on SBI Corporate Credit Cards,Avail access to Visa Airport Lounges with some SBI Corporate Credit Cards on our website. Find more credit card offer details and T&Cs now.,Avail access to Visa Airport lounges,Y,Dining,2015-11-02,2019-09-30
,,Get 10% Off on online room booking at Taj Hotels Places & Resorts,Y,Travel,2018-08-30,2019-03-31
,,Min. 15% Discount on room booking,N,Travel,2017-07-05,2018-12-31
,,10% Off on BAR and 15 % off on dining,Y,Travel,2017-05-25,2018-05-31
,,Incredible Offers* with Clay Telecom,N,,2017-01-23,2017-12-31
,,5% Cashback on Daikin ACs,Y,Shopping,2019-03-07,2019-05-07
,,5% Instant Discount Off on LG V40 Smartphone,Y,Shopping,2019-03-06,2019-03-16
,,5% Cashback at Malabar,N,Shopping,2019-02-15,2019-03-31
My City Offers,Great discounts & offers at select local merchant,My City Offers,N,Shopping|my-city-offers,2018-12-20,2019-03-31
,,Exclusive Valentine’s Day offers,Y,Shopping,2019-02-12,2019-02-28
Hewlett Packard Cashback,HP Laptops cashback offer on SBI Card,10% Cashback Offer,N,Shopping|my-city-offers,2019-01-22,2019-02-24
Flat 40% off on Bookings at OYO Dubai Hotels,Get flat 40% off on bookings at OYO Dubai Hotels on your SBI Credits Cards. Find out OYO Rooms credit card offer details  terms and conditions on our website.,40% off at Oyo in Dubai,Y,Travel,2019-02-08,2019-02-28
Flat 500 Rs Cashback at Flemingo Go Duty Free Stores,Get amazing Flemingo Go Duty Free Stores offers on your SBI Credit Cards. Also  check out credit card offer details  terms and conditions today!,Get Flat INR 500 Cashback at Flemingo Duty Free Stores,N,Shopping|Travel,2019-02-08,2019-06-30
,,10% Off on flights at SpiceJet.com,Y,Travel,2019-02-04,2019-02-09
MMT International Flight Offers on SBI Card,Get upto 25% on flight bookings at MakeMyTrip for SBI Credit Card holders on our website. Also  check out MakeMyTrip credit card offer details  terms and conditions today!,International travel offers at MakeMyTrip,Y,Travel,2019-01-31,2019-03-20
,,ARCEE Electronics Offer,N,Shopping,2019-01-28,2019-02-03
,,Get up to 12% off on Emirates,N,Travel,2019-01-29,2019-02-28
5% Cashback on iPhone 6S Plus on SBI Card,Get amazing iPhone 6S Plus cashback offer for SBI credit card holders on our website. Also  check out Apple Stores credit card offer details  terms and conditions today!,5% Cashback on iPhone 6S Plus,Y,Shopping,2019-02-01,2019-03-31
,,Domestic travel offers at MakeMyTrip,Y,Travel,2019-01-31,2019-03-23
Cox & Kings Cashback Offer on SBI Credit Cards,Get amazing Cox & Kings cashback offer for SBI credit card holders on our website. Also  check out Cox & Kings credit card offer details  terms and conditions today!,Cox & Kings 10% Cashback Offer,Y,Travel,2019-01-28,2019-03-31
,,Bosch,N,Shopping,2019-01-28,2019-01-31
Make My Trip Flexible EMI Offers on SBI Credit Cards,Get Make My Trip Flexible EMI Offers on your SBI credits cards. Find Make My Trip offer details  terms and conditions on our website.,Flexible EMI offer with your SBI Card at Makemytrip.com,Y,,2015-01-15,2024-04-30
Cleartrip EMI Offers on SBI Credit Cards,Get Cleartrip EMI Offers on your SBI credits cards. Find Cleartrip offer details  terms and conditions on our website.,EMI at Cleartrip.com,Y,Travel,2018-04-09,2021-12-31
Goibibo Flexible EMI Offers on SBI Credit Cards,Get Goibibo Flexible EMI Offers on your SBI credits cards. Find Goibibo offer details  terms and conditions on our website.,Flexible EMI offer with your SBI Card at Goibibo.com,Y,,2016-07-27,2020-04-30
Emirates Flexible EMI Offers on SBI Credit Cards,Get Emirates Flexible EMI Offers on your SBI credits cards. Find Emirates offer details  terms and conditions on our website.,Flexible EMI offer with your SBI Card at Emirates.com,Y,,2016-07-27,2020-04-30
Indigo Flexible EMI Offers on SBI Credit Cards,Get Indigo Flexible EMI Offers on your SBI credits cards. Find Indigo offer details  terms and conditions on our website.,Flexible EMI offer with your SBI Card at goindigo.in,Y,,2016-07-27,2020-04-30
Spicejet Flexible EMI Offers on SBI Credit Cards,Get Spicejet Flexible EMI Offers on your SBI credits cards. Find Spicejet offer details  terms and conditions on our website.,Flexible EMI offer with your SBI Card at SpiceJet.com,Y,,2015-01-15,2020-04-30
Yatra Flexible EMI Offers on SBI Credit Cards,Get Yatra Flexible EMI Offers on your SBI credits cards. Find Yatra offer details  terms and conditions on our website.,Flexible EMI offer with your SBI Card at Yatra.com,Y,,2015-01-15,2024-04-30
,,Upto 30% benefits,Y,Lifestyle,2019-01-23,2019-12-31
Infibeam Flexible EMI Offers on SBI Credit Cards,Get Infibeam Flexible EMI Offers on your SBI credits cards. Find Infibeam offer details  terms and conditions on our website.,Flexible EMI offer with your SBI Card at Infibeam.com,Y,,2015-01-15,2020-04-30
HDFC Ergo Insurance Offers on SBI Credit Cards,Pay your HDFC Ergo insurance premium in 3  6  9  12 EMIs with SBI Credit Cards. Find HDFC Ergo insurance offer details and T&C on our website.,Pay your Insurance premiums in EMIs,Y,,2015-04-01,2027-04-30
Kaya Clinic Flexible EMI Offers on SBI Credit Cards,Get Kaya Clinic Flexible EMI Offers on your SBI credits cards. Find Kaya Clinic offer details  terms and conditions on our website.,Flexible EMI offer with your SBI Card at Kaya Skin Clinic,N,,2015-01-15,2020-04-30
Xiaomi EMI Offers on SBI Credit Cards,Get Xiaomi EMI Offers on your SBI credits cards. Find Xiaomi offer details  terms and conditions on our website.,EMI offer on your SBI Card on MI / Xiaomi smart phones,Y,Shopping,2018-03-26,2021-12-31
Nokia Flexible EMI Offers on SBI Credit Cards,Get Nokia Flexible EMI Offers on your SBI credits cards. Find Nokia offer details  terms and conditions on our website.,Flexible EMI offer with your SBI Card on Nokia Mobiles,N,,2014-04-01,2024-04-30
,,Exclusive EMI offer on your SBI Card at nearest Poorvika store,N,,2015-04-01,2021-04-30
Talwalkars Flexible EMI Offers on SBI Credit Cards,Get Talwalkars Flexible EMI Offers on your SBI credits cards. Find Talwalkars offer details  terms and conditions on our website.,Flexible EMI offer with your SBI Card at Talwalkars,N,,2015-01-15,2020-04-30
IFFCO TOKIO Insurance Offers on SBI Credit Cards,Pay your IFFCO TOKIO insurance premium in 3  6  9  12 EMIs with SBI Credit Cards. Find IFFCO TOKIO insurance offer details and T&C on our website.,Pay your Insurance premiums in EMIs,N,,2014-04-01,2020-04-30
,,Flexible EMI offer with your SBI Card at Sharp stores,N,,2015-04-01,2018-03-19
RELIGARE Insurance Offers on SBI Credit Cards,Pay your RELIGARE insurance premium in 3  6  9  12 EMIs with SBI Credit Cards. Find RELIGARE insurance offer details and T&C on our website.,Pay your Insurance premiums in EMIs,Y,,2015-01-15,2020-04-30
,,Exclusive EMI offer on your SBI Card at nearest Lot Mobile store,N,,2015-01-15,2020-04-30
Girias Flexible EMI Offers on SBI Credit Cards,Get Girias Flexible EMI Offers on your SBI credits cards. Find Girias offer details  terms and conditions on our website.,Flexible EMI offer with your SBI Card at Girias,N,,2014-04-01,2020-04-30
Ezone Flexible EMI Offers on SBI Credit Cards,Get Ezone Flexible EMI Offers on your SBI credits cards. Find Ezone offer details  terms and conditions on our website.,Flexible EMI offer with your SBI Card at E Zone,N,,2014-04-01,2020-04-30
,,Flexible EMI offer with your SBI Card at nearest Housefull store,Y,,2015-01-15,2018-03-18
AVIVA Insurance Offers on SBI Credit Cards,Pay your AVIVA insurance premium in 3  6  9  12 EMIs with SBI Credit Cards. Find AVIVA insurance offer details and T&C on our website.,Pay your Insurance premiums in EMIs,N,,2014-04-01,2023-04-30
Titan EMI Offers on SBI Credit Cards,Get Titan EMI Offers on your SBI credits cards. Find Titan offer details  terms and conditions on our website.,EMI at Titan.co.in,Y,Lifestyle,2018-04-09,2021-12-31
Voltas Flexible EMI Offers on SBI Credit Cards,Get Voltas Flexible EMI Offers on your SBI credits cards. Find Voltas offer details  terms and conditions on our website.,Flexible EMI offer with your SBI Card on Voltas,N,Shopping,2014-04-01,2020-04-30
Paytm Flexible EMI Offers on SBI Credit Cards,Get Paytm Flexible EMI Offers on your SBI credits cards. Find Paytm offer details  terms and conditions on our website.,Flexible EMI offer with your SBI Card at Paytm.com,Y,,2015-01-15,2020-04-30
Pixel EMI Offers on SBI Credit Cards,Get Pixel EMI Offers on your SBI credits cards. Find Pixel offer details  terms and conditions on our website.,EMI offer on your SBI Card on Google Pixel,N,Shopping,2018-03-26,2021-12-31
,,Exclusive EMI offer on your SBI Card at nearest The Mobile Store,N,,2015-01-15,2018-03-18
Gold Gym EMI Offers on SBI Credit Cards,Get Gold Gym EMI Offers on your SBI credits cards. Find Gold Gym offer details  terms and conditions on our website.,EMI at Golds Gym,Y,Lifestyle,2018-04-11,2021-12-31
Bharti Axa Insurance Offers on SBI Credit Cards,Pay your Bharti Axa insurance premium in 3  6  9  12 EMIs with SBI Credit Cards. Find Bharti Axa insurance offer details and T&C on our website.,Pay your Insurance premiums in EMIs,Y,,2015-01-15,2025-03-31
Pai National Flexible EMI Offers on SBI Credit Cards,Get Pai National Flexible EMI Offers on your SBI credits cards. Find Pai National offer details  terms and conditions on our website.,Flexible EMI offer with your SBI Card at Pai International,N,,2014-04-01,2020-04-30
,,Flexible EMI offer with your SBI Card at Saholic.com,Y,,2015-01-15,2018-03-11
,,Flexible EMI offer with your SBI Card at bookings.sterlingholidays.com,Y,,2015-01-15,2015-10-01
Samsung Flexible EMI Offers on SBI Credit Cards,Get Samsung Flexible EMI Offers on your SBI credits cards. Find Samsung offer details  terms and conditions on our website.,Flexible EMI offer with your SBI Card on Samsung Mobiles,N,,2014-04-01,2023-04-30
Pepperfry Flexible EMI Offers on SBI Credit Cards,Get Pepperfry Flexible EMI Offers on your SBI credits cards. Find Pepperfry offer details  terms and conditions on our website.,Flexible EMI offer with your SBI Card at www.pepperfry.com,Y,,2015-01-15,2020-04-30
,,Flexible EMI offer with your SBI Card at Planet M,N,,2015-01-15,2018-03-19
,,5% Cashback on EMI trxn. on Samsung Consumer Durable,N,Shopping|my-city-offers,2018-04-04,2018-06-14
,,Flexible EMI offer with your SBI Card on Toshiba,N,,2015-01-15,2018-03-18
Easyday Flexible EMI Offers on SBI Credit Cards,Get Easyday Flexible EMI Offers on your SBI credits cards. Find Easyday offer details  terms and conditions on our website.,Flexible EMI offer with your SBI Card at Easy Day,N,,2014-04-01,2020-04-30
,,Flexible EMI offer with your SBI Card at Bagittoday.com,Y,,2015-04-01,2018-03-20
,,Exclusive EMI offer at nearest Apple Store,N,,2015-01-15,2017-06-26
TATA AIG Insurance Offers on SBI Credit Cards,Pay your TATA AIG insurance premium in 3  6  9  12 EMIs with SBI Credit Cards. Find TATA AIG insurance offer details and T&C on our website.,Pay your Insurance premiums in EMIs,N,,2015-01-15,2020-04-30
Viveks Flexible EMI Offers on SBI Credit Cards,Get Viveks Flexible EMI Offers on your SBI credits cards. Find Viveks offer details  terms and conditions on our website.,Flexible EMI offer with your SBI Card at Viveks,N,,2014-04-01,2020-04-30
Amazon Flexible EMI Offers on SBI Credit Cards,Get Amazon Flexible EMI Offers on your SBI credits cards. Find Amazon offer details  terms and conditions on our website.,Flexible EMI offer with your SBI Card at Amazon.in,Y,,2015-04-01,2025-04-30
Future General Insurance Offers on SBI Credit Cards,Pay your Future General insurance premium in 3  6  9  12 EMIs with SBI Credit Cards. Find Future General insurance offer details and T&C on our website.,Pay your Insurance premiums in EMIs,N,,2015-01-15,2020-04-30
Myntra EMI Offers on SBI Credit Cards,Get Myntra EMI Offers on your SBI credits cards. Find Myntra offer details  terms and conditions on our website.,EMI at Myntra.com,Y,Shopping,2018-04-11,2021-12-31
SBI Life Insurance Offers on SBI Credit Cards,Pay your SBI Life insurance premium in 3  6  9  12 EMIs with SBI Credit Cards. Find SBI Life insurance offer details and T&C on our website.,Pay your Insurance premiums in EMIs,N,,2015-04-01,2025-04-30
,,Exclusive EMI offer on your SBI Card at nearest Prestige Kitchen store,N,,2015-01-15,2018-03-18
Shopclues Flexible EMI Offers on SBI Credit Cards,Get Shopclues Flexible EMI Offers on your SBI credits cards. Find Shopclues offer details  terms and conditions on our website.,Flexible EMI offer with your SBI Card at shopclues.com,Y,,2015-01-15,2020-04-30
Samsung Flexible EMI Offers on SBI Credit Cards,Get Samsung Flexible EMI Offers on your SBI credits cards. Find Samsung offer details  terms and conditions on our website.,Flexible EMI offer with your SBI Card on Samsung Electronics,N,Shopping,2014-04-01,2020-04-30
Reliance Insurance Offers on SBI Credit Cards,Pay your Reliance insurance premium in 3  6  9  12 EMIs with SBI Credit Cards. Find Reliance insurance offer details and T&C on our website.,Pay your Insurance premiums in EMIs,N,,2014-04-01,2020-04-30
Vijay Sales Flexible EMI Offers on SBI Credit Cards,Get Vijay Sales Flexible EMI Offers on your SBI credits cards. Find Vijay Sales offer details  terms and conditions on our website.,Flexible EMI offer with your SBI Card at Vijay Sales,N,,2014-04-01,2020-04-30
Bigc Flexible EMI Offers on SBI Credit Cards,Get Bigc Flexible EMI Offers on your SBI credits cards. Find Bigc offer details  terms and conditions on our website.,Flexible EMI offer with your SBI Card at BigC stores,N,,2015-01-15,2022-04-30
Sargam Flexible EMI Offers on SBI Credit Cards,Get Sargam Flexible EMI Offers on your SBI credits cards. Find Sargam offer details  terms and conditions on our website.,Flexible EMI offer with your SBI Card at Sargam stores,N,,2014-04-01,2020-04-30
Country Club Flexible EMI Offers on SBI Credit Cards,Get Country Club Flexible EMI Offers on your SBI credits cards. Find Country Club offer details  terms and conditions on our website.,Flexible EMI offer with your SBI Card at Country Club Fitness outlets,N,,2015-01-15,2020-04-30
,,Flexible EMI offer with your SBI Card at Vibes,N,,2015-01-15,2018-03-18
Bajaj Insurance Offers on SBI Credit Cards,Pay your Bajaj insurance premium in 3  6  9  12 EMIs with SBI Credit Cards. Find Bajaj insurance offer details and T&C on our website.,Pay your Insurance premiums in EMIs,Y,Lifestyle,2015-01-15,2027-03-25
More Megastore Flexible EMI Offers on SBI Credit Cards,Get More Megastore Flexible EMI Offers on your SBI credits cards. Find More Megastore offer details  terms and conditions on our website.,Flexible EMI offer with your SBI Card at More Megastore,N,,2015-01-15,2020-04-30
Urban Ladder Flexible EMI Offers on SBI Credit Cards,Get Urban Ladder Flexible EMI Offers on your SBI credits cards. Find Urban Ladder offer details  terms and conditions on our website.,Flexible EMI offer with your SBI Card at Urbanladder.com,Y,,2015-01-15,2020-04-30
,,Pay your Insurance premiums in EMIs,Y,,2015-01-15,2018-03-18
,,Flexible EMI offer with your SBI Card at Emibazaar.com,Y,,2015-01-15,2018-03-20
,,Exclusive EMI offer on your SBI Card at nearest Reliance Digital store,N,Shopping,2015-12-31,2016-01-31
,,Flexible EMI offer with your SBI Card at Snap Fitness,N,,2015-01-15,2018-03-11
,,Flexible EMI offer with your SBI Card at goindigo.in,Y,,2015-01-15,2015-10-01
Snapdeal Flexible EMI Offers on SBI Credit Cards,Get Snapdeal Flexible EMI Offers on your SBI credits cards. Find Snapdeal offer details  terms and conditions on our website.,Flexible EMI offer with your SBI Card at Snapdeal.com,Y,,2015-01-15,2020-04-30
,,EMI at helioswatchstore.in,Y,Lifestyle,2018-04-09,2021-12-31
Fab Furnish Flexible EMI Offers on SBI Credit Cards,Get Fab Furnish Flexible EMI Offers on your SBI credits cards. Find Fab Furnish offer details  terms and conditions on our website.,Flexible EMI offer with your SBI Card at fabfurnish.com,Y,,2015-04-01,2020-04-30
Dell Flexible EMI Offers on SBI Credit Cards,Get Dell Flexible EMI Offers on your SBI credits cards. Find Dell offer details  terms and conditions on our website.,Flexible EMI offer with your SBI Card at Compuindia.com,Y,,2015-01-15,2025-04-30
Royal Sundaram Insurance Offers on SBI Credit Cards,Pay your Royal Sundaram insurance premium in 3  6  9  12 EMIs with SBI Credit Cards. Find Royal Sundaram insurance offer details and T&C on our website.,Pay your Insurance premiums in EMIs,N,,2015-04-02,2023-04-30
Flipkart Flexible EMI Offers on SBI Credit Cards,Get Flipkart Flexible EMI Offers on your SBI credits cards. Find Flipkart offer details  terms and conditions on our website.,Flexible EMI offer with your SBI Card at Flipkart.com,Y,,2015-01-15,2020-04-30
,,Flexible EMI offer with your SBI Card at ebay.in,Y,,2015-04-01,2016-06-01
Apolo Insurance Offers on SBI Credit Cards,Pay your Apollo insurance premium in 3  6  9  12 EMIs with SBI Credit Cards. Find Apollo insurance offer details and T&C on our website.,Pay your Insurance premiums in EMIs,N,Lifestyle,2015-04-01,2020-04-30
,,Get Rs 300 off at Ajio.com,N,Shopping,2017-04-24,2017-06-30
,,Amazing Cashback on Flight & Hotel offer,Y,Travel,2016-06-21,2016-06-24
,,Nikon 5% Cashback Offer,N,Shopping,2018-05-04,2018-06-04
,,Get 5% Cashback,N,Shopping,2017-03-02,2017-03-07
,,EOSS Reliance Trends Offer,N,Shopping,2017-12-15,2018-01-14
,,Yatra travel vouchers on EMI,Y,Travel,2017-08-01,2017-08-31
,,10% instant discount on holidays at Yatra,Y,Travel,2018-09-07,2018-09-16
,,Get 5% Cashback at Raymond,N,Shopping,2017-06-19,2017-07-31
Metro Cash & Carry Cashback Offer on SBI Credit Cards,Get amazing Metro Cash & Carry Offers Stores cashback offer for SBI credit card holders on our website. Also  check out Metro Cash & Carry Offers Stores credit card offer details  terms and conditions today!,Get 5% cashback,N,Shopping,2019-01-18,2019-01-22
,,5% Cashback on Samsung Consumer Durable,N,Shopping,2017-09-08,2017-12-31
,,Poojara Telecom Diwali Offer,N,Shopping,2017-10-16,2017-11-05
,,Get  5% Cashback,N,Lifestyle|Shopping,2018-03-01,2018-03-11
,,Makemytrip Travel offers,N,Travel,2017-01-04,2017-03-31
,,10% Discount,N,Travel,2017-03-22,2017-07-16
,,Get Additional 5% Discount,N,Shopping,2017-01-20,2017-05-03
,,Baroda  exciting My City Offers,N,Shopping,2017-01-10,2017-01-31
,,Kovai Pazhamudir Nilayam Offer,N,Shopping|my-city-offers,2017-08-11,2017-09-10
,,5% Cashback on Samsung Consumer Durable Products,N,Shopping,2017-03-29,2017-05-05
,,Get 5% cashback,N,Shopping,2018-08-08,2018-08-15
,,5% Cashback + Rs750 GV at Hyderabad Duty Free,N,Lifestyle|Shopping|my-city-offers,2017-07-25,2017-09-30
,,Additional 5% Cashback at FabIndia Stores,N,Shopping,2016-12-16,2017-01-01
,,10% Instant discount at Titan.co.in,Y,Shopping,2017-12-22,2018-01-05
,,Flight Offers at GoAir,Y,Travel,2018-03-16,2018-03-31
,,Upto Rs 1000 off on domestic flights at Yatra,Y,Travel,2018-05-08,2018-05-13
,,Flat Rs 1500 cashback on OnePlus 3T,Y,Shopping,2017-05-26,2017-06-04
,,Get up to 10%  additional discount on Hotel bookings,Y,Travel,2016-09-12,2016-12-31
,,Upto Rs.10 000 Cashback on Samsung mobiles,N,Shopping,2017-04-28,2017-05-31
,,Get 5% cashback,N,Shopping,2017-07-28,2017-08-06
,,Rs 500 Off,N,Travel,2017-03-24,2017-06-30
,,5% Cashback on Oppo Smartphones,N,Shopping,2017-09-22,2017-11-20
,,5% Cashback at The Arvind Store,N,Shopping,2016-06-22,2016-08-15
,,BISMI HYPERMART Offer,N,Shopping,2016-12-01,2016-12-16
,,5% Cashback on Holidays at Yatra,Y,Travel,2017-11-22,2017-11-20
,,8% Off on EMI purchases at Ebay,N,Shopping,2015-11-20,2016-06-20
,,Additional 5% Cashback at Reliance Trends,N,Shopping,2016-09-28,2016-11-06
,,LOT Mobiles 5% cashback Offer,N,Shopping,2018-09-07,2018-10-02
,,Get 5% Discount at ethoswatches.com,N,Shopping,2018-12-13,2019-01-31
,,Upto Rs 1500 off on domestic flights at Yatra,Y,Travel,2018-11-19,2018-11-24
,,Get 10% discount,Y,Shopping,2018-05-04,2018-05-07
,,Exclusive discounts on Jewellery Purchase,N,Shopping,2016-04-14,2016-05-09
,,Aurangabad  exciting - My City Offers,N,Shopping,2017-01-09,2017-03-31
,,Get 10% off at titan.co.in only,Y,Shopping,2016-06-27,2016-06-30
200% valueback on SIM card or Pocket wifi at Bookmywifi.com for Dubai,200% valueback on SIM card or Pocket wifi purchase for travel to Dubai,200% valueback on SIM card or Pocket wifi purchase for travel to Dubai at www.bookmywifi.com,Y,Shopping|Travel,2018-12-20,2019-03-31
Reliance Digital Cashback,Reliance Digital Cashback on SBI Card,Reliance Digital 5% Cashback Offer,N,Shopping|my-city-offers,2018-12-21,2019-01-01
,,5% Cashback on Nokia Smartphone,N,Shopping,2018-06-07,2018-06-22
,,Exclusive International Offer - yQ,N,Travel,2014-04-01,2015-12-31
,,Get Rs. 275 off on purchase of easyfone,N,Shopping,2016-05-23,2016-06-23
,,Get 10% Off at luxehues.com,Y,Shopping,2018-02-07,2018-06-30
,,Extra Savings on 3 & 6 month EMI Transactions,Y,Shopping,2017-11-24,2017-11-30
,,20% Off on hotels at SpiceVacations.com,Y,Travel,2018-01-19,2018-04-02
,,10% Discount at globaldesi.in,N,Shopping,2018-12-20,2019-01-31
,,Flat Rs.13 000 cashback on Google Pixel & Pixel XL,N,Shopping,2017-05-05,2017-05-31
,,Get 10% off,Y,Travel,2016-01-13,2016-12-31
,,Amazing Travel discount on Yatra.com,N,Travel,2017-01-02,2017-03-31
,,5% Cashback Offer at Snapdeal,Y,Shopping,2016-03-19,2016-03-24
,,Upto 10% off on booking through agoda.com with your SBI Card,Y,Travel,2018-07-06,2018-07-31
,,Up to 20% off,N,Travel,2016-07-21,2016-08-31
,,Get 5% Cashback at Trends,N,Shopping,2018-06-13,2018-07-14
,,Get 5% cashback,N,Shopping,2017-01-20,2017-01-29
,,5% Instant Discount at Shopclues,Y,Shopping,2017-07-07,2017-07-16
,,Amazing 12% off,N,Shopping,2016-06-06,2016-09-30
,,5% Off on Redmi 5 smartphone,Y,Shopping,2018-03-19,2018-03-20
,,5% Cashback on EMI trxn. on Samsung Consumer Durable - Ganpati,N,Shopping,2017-08-10,2017-08-31
,,Musafir Travel Discounts,N,Travel,2016-08-31,2016-09-04
,,Additional 5% Discount at Central,N,Shopping,2016-10-01,2016-10-31
,,Get 15% Discount at Puma.com,N,Shopping,2017-04-22,2017-05-31
,,Additional 5% Cashback at World of Titan,N,Shopping,2016-06-23,2016-07-17
,,Get  5% Cashback,N,Shopping,2016-07-28,2016-08-21
,,Get  5% Cashback,N,Shopping,2018-04-13,2018-04-18
,,LOTUS Electronics Republic Day Sale Offer,N,Shopping,2017-01-20,2017-01-26
,,10% off at Tata Cliq,Y,Shopping,2018-05-31,2018-06-04
,,Cashback of 15% on Amazon App & 10% at Amazon.in,N,Shopping,2017-08-09,2017-08-12
,,5% Cashback Vivo Mobiles EMI offer,N,Shopping,2017-04-10,2017-05-24
,,Get 5% Cashback at Tata Sky,Y,Shopping,2018-03-23,2018-04-22
,,Additional Rs 500 off at Jabong,Y,Shopping,2018-02-08,2018-02-28
,,Exclusive International Offer - Six Senses,N,Travel,2014-04-01,2015-12-31
,,Rs. 4000 Cashback on Apple iPad,N,Shopping,2017-01-12,2017-04-09
,,5% Cashback on Realme U1 Smartphones.,Y,Shopping,2018-12-05,2018-12-05
,,Domestic travel offers at MakeMyTrip,Y,Travel,2018-07-11,2018-09-08
,,10% Cashback on Honor 6X at Amazon.in,N,Shopping,2017-02-01,2017-03-03
,,Get Additional 5% Discount,N,Shopping,2016-08-19,2016-09-14
,,,N,Shopping,2015-12-29,2016-02-14
,,SportsGeo discount offer,Y,Shopping,2017-06-15,2017-07-15
,,15% on at airbnb,N,Travel,2017-07-24,2017-12-31
,,Convert Online trxn to EMI & Get Yatra Voucher,N,Travel,2016-10-24,2016-10-31
,,Turtle EOSS cashback,N,Shopping,2018-07-05,2018-08-04
,,Additional 5% Cashback at Bata,N,Shopping,2016-10-17,2016-11-02
,,10% Instant Discount at Amazon.in,Y,Shopping,2018-10-09,2018-10-15
,,Extra 5% Instant Discount at Central,N,Shopping,2018-05-15,2018-05-20
,,The Chennai Mobiles Festive Offer,N,Shopping,2016-10-10,2016-11-05
,,Get 5% cashback,N,Shopping,2018-10-09,2018-11-07
,,5% Cashback on holidays at Thomas Cook!,Y,Travel,2018-05-09,2018-05-16
,,Get  5% Cashback,N,Shopping,2018-04-06,2018-04-18
,,30% on Zoomin merchandise + Additional 10% discount with SBI Card,N,Shopping,2017-03-06,2017-03-10
,,Get 5% Cashback at Max,N,Shopping,2018-09-27,2018-11-07
,,Sangeetha Mobiles Cashback Offer,N,Shopping|my-city-offers,2018-05-31,2018-07-01
,,10% Off on Panasonic phones,N,Shopping,2016-11-20,2016-11-25
,,Exciting Shopping Offers in Indore,N,Shopping,2016-11-04,2016-12-31
,,Sapana Supermarket Offer,N,Shopping,2017-03-07,2017-03-11
,,,N,Dining,2017-01-16,2019-12-31
,,Get 5% Cashback at Urban Ladder,Y,Shopping,2017-09-22,2017-10-22
,,,N,Shopping,2017-01-16,2017-03-31
,,Upto Rs 1000 off on domestic flights at Yatra,Y,Travel,2018-06-19,2018-06-24
,,5% Cashback on Vivo X21 Smartphone,Y,Shopping,2018-05-29,2018-05-31
,,Get 5% cashback,N,Shopping,2016-02-04,2016-02-21
,,Amazing Domestic Flight offers,N,Travel,2016-08-24,2016-08-25
,,Get Philips Sound Bar Free,N,Travel,2016-09-12,2016-09-30
,,Get 5% cashback,N,Shopping,2017-11-23,2017-11-26
,,,N,Travel,2015-12-09,2016-01-31
,,Additional 5% Cashback at EVOK Stores,N,Shopping,2016-12-15,2017-02-01
,,,N,Travel,2016-12-27,2017-01-31
,,No-Cost* EMI with SBI Card,N,Shopping,2018-10-24,2018-12-31
,,5% Cashback,N,Shopping,2016-02-02,2016-04-17
,,Upto 10% Cashback on Samsung Mobile - Onam,N,Shopping,2018-08-13,2018-09-05
,,Apple iPhone 5S Rs.2000 cashback,N,Shopping,2017-02-10,2017-02-14
,,Additional 5% Cashback at Reliance Footprints,N,Shopping,2016-06-20,2016-08-15
,,Get Rs 1000 off on Minimum Purchase of Rs 5000,N,Shopping,2016-02-24,2016-07-31
,,J.C Brothers & The Chennai Shopping Malls Offer,N,Shopping,2018-10-12,2018-10-28
,,5% Off on Nokia 6.1 and Nokia 7 Plus,Y,Shopping,2018-06-27,2018-06-30
,,5% Cashback at MI.com,Y,Lifestyle|Shopping,2017-05-22,2017-06-20
,,Rs.750 e-GV on EMI trxn,Y,Shopping,2018-06-14,2018-06-24
Upto Rs 1500 off on domestic flights at Yatra,Get upto Rs 1500 off on domestic  flights at Yatra for SBI Corporate Credit Card holders on our website. Also  check out yatra.com credit card offer details  terms and conditions today!,Upto Rs 1500 off on domestic flights at Yatra,Y,Travel,2019-01-14,2019-01-19
,,5% Cashback on Holidays at Yatra,Y,Travel,2017-11-22,2017-11-29
,,10% Off on lifestyle at Flipkart,Y,Shopping,2018-03-13,2018-03-28
,,Avail upto 20%* on Business Class  and upto 15%* on Economy Class fares,N,Travel,2016-08-30,2016-09-11
1589 Hotels Offers on SBI Credit Cards,Get 1589 Hotels offers on your SBI credits cards. Find 1589 Hotels offer details  terms and conditions on our website.,1589 Hotels,Y,Travel,2018-06-14,2018-12-15
,,Get 20% off at NNNOW.COM,Y,Shopping,2017-05-26,2017-06-30
,,Nagpur - My City Offers,N,Shopping,2017-02-15,2017-03-31
,,Get 5% Cashback at Pantaloons,N,Shopping,2017-09-15,2017-10-22
,,Indore – My City Offers,N,Shopping,2017-01-09,2017-01-31
,,Special offer on Yatra.com,N,Travel,2017-04-07,2017-05-10
,,Ramachandran Offer,N,Shopping|my-city-offers,2018-08-17,2018-09-03
,,LOT Mobiles 5% cashback Offer,N,Shopping,2018-10-05,2018-11-08
,,Get exclusive offers with your Federal Bank - SBI Card,N,Shopping,2017-03-22,2017-04-30
10% Instant Discount at Flipkart on SBI Credit Cards,Get 10% Instant Discount at Flipkart  with your SBI Credit Cards. Find credit card offer details  terms & conditions today!,10% Instant Discount at Flipkart,Y,Shopping,2019-01-18,2019-01-22
Ahemdabad Restaurant Offers on SBI Credit Cards,Get 15% discount with SBI Credit cards on dining at Ahemdabad restaurants. Find the Ahemdabad restaurant credit card details and T&C on the site.,,N,Dining,2017-01-16,2019-03-31
,,5% cashback on flights at www.goindigo.in,Y,Travel,2018-07-10,2018-07-13
,,Additional 5% Cashback at Max,N,Shopping,2016-09-01,2016-11-02
,,Domestic Hotels offers at MakeMyTrip,N,Travel,2018-08-08,2018-08-12
,,Get 10% cashback,N,Shopping,2017-12-05,2017-12-08
,,Lucknow City - Special Offer,N,Shopping|my-city-offers,2018-07-27,2018-10-31
,,,N,Shopping,2017-01-16,2017-02-12
,,5% Cashback Offer at LG Shoppe,N,Shopping,2016-08-16,2016-09-15
,,5% cashback at mi.com,N,Shopping,2017-04-04,2017-04-06
,,Get 10% Discount,N,Shopping,2017-02-23,2017-03-05
,,10% cashback on holidays at Yatra,Y,Travel,2018-05-11,2018-05-20
,,Get 5% cashback,N,Shopping,2017-12-29,2018-02-28
,,Simply avail SBI Credit Card EMI at store,Y,Shopping,2018-06-19,2020-07-31
,,Exciting Mall Offers - Indore,N,Shopping,2016-09-09,2016-09-29
,,Avail 10% Cashback at Redbus,N,Travel,2016-08-16,2016-08-17
,,Get  5% Cashback,N,Shopping,2016-04-28,2016-05-10
,,Magsons - Goa Offer,N,Shopping,2018-06-01,2018-06-15
,,,,,,
,,5%  Cashback,N,Shopping,2016-11-04,2016-11-06
,,Get Additional 5% Cashback,N,Shopping,2018-09-28,2018-10-10
,,Get 5% Cashback at HomeTown,N,Shopping,2018-06-29,2018-08-15
,,Rs 1000 off on domestic flights at Cleartrip,Y,Travel,2017-09-05,2017-09-15
,,HotSpot Mobiles Cashback Offer,N,Shopping|my-city-offers,2018-10-16,2018-11-06
,,Exclusive International Offer - Hertz,N,Travel,2014-04-01,2015-12-31
,,5% Cashback at Vijay Sales,N,Shopping,2016-08-11,2016-09-13
,,CHANDIGARH  Exciting My City Offers,N,Shopping,2017-01-06,2017-03-31
,,Get 10% cashback,N,Shopping,2017-12-06,2017-12-08
,,Musafir Travel Discounts,N,Travel,2016-12-19,2017-01-03
,,Amazing Travel offers,N,Travel,2016-12-23,2016-12-31
,,Rs 1200 Off on Honor 7X,Y,Shopping,2017-12-13,2017-12-14
,,Get 5% Cashback,N,Shopping,2016-11-25,2016-12-05
,,Exclusive discounts on Jewellery Purchase,N,Shopping,2017-04-21,2017-04-30
,,Sohum Shoppe Cashback Offer,N,Shopping|my-city-offers,2018-10-01,2018-11-09
,,Special Holi discounts on Yatra.com,N,Travel,2017-03-08,2017-03-14
,,Get Rs 500 Off at abof.com,N,Shopping,2017-04-27,2017-06-30
,,5%  Cashback,N,Shopping,2016-08-04,2016-08-07
,,Vasanth&Co Cashback Offer,N,Shopping,2018-04-13,2018-05-20
,,5% Cashback on EMI trxn. on Samsung Consumer Durable Products,N,Shopping,2017-01-09,2017-01-31
,,Free JBl Headphones,N,Travel,2016-12-16,2017-01-31
,,Goomo Offers,N,Travel,2018-04-13,2018-06-30
,,Get 5% cashback at Delhi Duty Free,N,Lifestyle|Shopping|Travel|my-city-offers,2018-09-25,2018-09-30
,,Festive Offer at Pakiza Retail chain,N,Shopping,2016-10-07,2016-10-31
,,Get 5% Cashback at Bata,N,Shopping,2017-09-08,2017-09-24
,,Rs 1500 Off on OnePlus 5T,Y,Shopping,2018-02-06,2018-02-11
,,Get  5% Cashback,N,Shopping,2018-08-09,2018-08-15
,,Fashion Sale - 10% Cashback at Amazon,N,Shopping,2016-12-30,2017-01-04
,,Urbanladder.com EMI Cashback offer,Y,Shopping,2018-02-28,2018-03-24
,,,N,Travel,2015-12-24,2016-01-07
5% Cashback Offer at Sargam Electronics,Get amazing Sargam Electronics cashback offer for SBI credit card holders on our website. Also  check out Sargam Electronics credit card offer details  terms and conditions today!,Sargam Electronics 5% Cashback Offer,N,Shopping|my-city-offers,2019-01-13,2019-01-27
,,Extra Savings on 3   6 & 9 month EMI Transactions,Y,Shopping,2018-09-10,2018-09-15
,,5% Cashback at Croma & Croma.com,N,Shopping,2017-08-10,2017-08-20
,,10% Off on Non EMI and 6 9 & 12 month EMI trxn,N,Shopping,2016-10-24,2016-11-12
,,Exclusive International Offer - Hertz,N,Travel,2014-04-01,2015-06-14
Rs 1500 Off on OnePlus 6T Stores,Get amazing OnePlus 6T Stores offers on your SBI Credit Cards. Also  check out credit card offer details  terms and conditions today!,Rs 1500 Off on OnePlus 6T on EMI trxn Only,N,Shopping,2019-01-18,2019-02-07
,,Get 5% cashback,N,Shopping,2016-02-02,2016-02-07
,,LULU Anniversary Offer,N,Shopping,2018-03-09,2018-03-18
,,Sony 5% Cashback Offer,N,Shopping,2018-06-14,2018-06-15
,,Get 10% Discount at clarks.in,N,Shopping,2018-11-28,2019-01-31
,,Flat Rs 1500 cashback on OnePlus 5,N,Shopping,2017-06-22,2017-06-28
,,5% Cashback at Lotus Stores,N,Shopping|my-city-offers,2019-01-18,2019-01-27
,,Upto 15% Cashback at Amazon.in,N,Shopping,2017-01-19,2017-01-22
,,Vasanth & Co EMI cashback offer,N,Shopping,2017-07-25,2017-08-20
,,10% Off on Lenovo Vibe K5 Note,N,Shopping,2016-08-04,2016-08-06
,,Musafir Travel Discounts,N,Travel,2017-01-16,2017-02-14
,,Exciting Shopping Offers in Surat,N,Shopping,2016-10-05,2016-12-31
,,Get the best Offer on Luxury Brands only for you with SBI Card. Enjoy discount across leading brands,N,Shopping,2015-12-08,2016-02-29
,,Get 5% Cashback at HomeTown,N,Shopping,2018-06-01,2018-06-29
,,Extra 5% Cashback at Snehaanjali Electronics stores,N,Shopping|my-city-offers,2017-12-26,2018-01-14
Get 10% Instant Discount at Myntra on SBI Credit Cards,Get 10% instant discount at myntra with your SBI Credit Cards. Find credit card offer details  terms & conditions today!,Get 10% Instant Discount at Myntra,Y,Shopping,2019-01-04,2019-01-08
,,,N,Shopping,2016-01-08,2016-01-18
,,Avail 10% Cashback Offer at Reliance Digital,N,Shopping,2016-08-10,2016-08-15
10% Instant Discount at Flipkart,Get 10% Instant Discount at Flipkart,10% Instant Discount at Flipkart,Y,Shopping,2018-12-26,2018-12-29
,,Tirumala Music Center Offer,N,Shopping|my-city-offers,2017-09-20,2017-10-04
,,Great Travel discount on Ezeego1.co.in,N,Travel,2017-01-03,2017-03-31
,,Get up to 10%  additional discount on Hotel bookings,N,Travel,2017-03-10,2017-04-30
,,Extra 10% Instant Discount at Flipkart,N,Shopping,2016-10-01,2016-10-06
,,Additional  10% Cashback at Urban Ladder,N,Shopping,2016-09-30,2016-10-06
,,Book 2 nights and get 1 night free,N,Travel,2017-05-15,2017-09-30
,,Extra Savings on 3   6  9 & 12 month EMI Transactions,Y,Lifestyle|Shopping,2018-04-30,2018-05-07
,,5% Cashback on holidays at Thomas Cook!,Y,Travel,2018-04-03,2018-04-11
,,Get 5% cashback at Hyderabad Duty Free,N,Shopping,2018-10-24,2018-10-24
,,BIGC Mobiles 5% cashback Offer,N,Shopping|my-city-offers,2018-10-09,2018-11-10
,,10% Cashback on Nexus 6P smartphone,N,Shopping,2015-12-02,2015-12-23
,,Rs 200 Off,Y,Travel,2017-09-04,2018-02-28
,,Avail Discount offer on Domestic Flight,N,Travel,2016-12-15,2016-12-17
,,5% Cashback on DTH Recharges at airtel.in,N,Shopping,2016-06-10,2016-07-10
,,Upto Rs 1000 off on domestic flights at MakeMyTrip,N,Travel,2017-10-06,2017-10-10
,,CMR Shopping Malls Offer,N,Shopping|my-city-offers,2018-01-11,2018-01-30
Buffet Dining Exclusive Offers on SBI Credit Cards,Get upto 30% discount on buffet dining at leading restaurants in your city with SBI credit cards. Find Buffet Dining offer details  T&C on our website.,Upto 30% off,N,Dining,2018-03-14,2019-03-09
,,Exclusive International Offer - Priorty Pass,N,Travel,2014-04-01,2015-12-31
Chennai Restaurant Offers on SBI Credit Cards,Get 15% discount with SBI Credit cards on dining at Chennai restaurants. Find the Chennai restaurant credit card details and T&C on the site.,,N,Dining,2017-01-16,2019-03-31
,,Apple iPhone 6S & 6S Plus Rs.7000 cashback,N,Shopping,2017-03-03,2017-03-18
,,Travel offers at musafir.com,Y,Travel,2018-04-13,2018-04-30
,,Additional 10% Instant Discount,N,Shopping,2016-12-16,2016-12-21
,,Dehradun City - Special Offer,N,my-city-offers,2018-08-07,2018-10-31
,,Cashback on LG G6 smartphone,N,Shopping,2017-04-24,2017-05-01
,,Get upto 12% discount on British Airways,N,Travel,2016-09-08,2016-10-31
,,Exciting Shopping Offers in Rajkot,N,Shopping,2016-10-06,2016-12-31
,,Rajkot City - Special Offer,N,Shopping|my-city-offers,2018-08-07,2018-10-31
,,Get 5% cashback,N,Shopping,2018-08-09,2018-08-15
,,Exclusive offers for Yatra SBI Cardholders,N,Travel,2017-01-06,2017-03-31
,,Get 5% Cashback,N,Shopping,2016-11-17,2016-12-11
,,Upto Rs 4000 Cashback on International Holidays & Flights,Y,Travel,2014-04-01,2016-01-16
,,5% Cashback Blackberry Mobiles offers,N,Shopping,2016-12-06,2016-12-31
,,Samsung Carnival Sale,Y,Shopping,2018-01-25,2018-02-02
,,Win an iPhone 7 with IRCTC SBI Card,Y,Travel,2017-09-27,2018-03-31
,,Dhiraj Sons Cashback Offer,N,Shopping|my-city-offers,2018-10-12,2018-11-11
,,,N,Shopping,2015-12-24,2015-12-31
,,Flat Rs 1000 off,N,Travel,2016-11-03,2017-03-31
,,,N,Shopping,2015-12-25,2016-01-26
,,10% Cashback at Yono App on select partners,N,Shopping|my-city-offers,2018-10-16,2018-10-21
,,,N,Shopping,2017-06-22,2017-06-22
,,Additional 5% Cashback at Max,N,Shopping,2016-09-22,2016-11-06
,,GIRIAS 5% cashback Offer,N,Shopping,2018-08-10,2018-09-09
,,0% Making Charges,N,Shopping,2016-08-08,2016-08-22
,,10% Cashback Samsung Mobiles offers,N,Shopping,2016-08-24,2016-09-15
,,Exciting Shopping Offers in Lucknow,N,Shopping,2016-11-03,2016-12-31
,,10% Off on hotels at GoIbibo,Y,Travel,2018-06-06,2018-06-09
,,Extra 5% Cashback at HomeTown,N,Shopping,2017-01-03,2017-02-17
Bangalore Restaurant Offers on SBI Credit Cards,Get 15% discount with SBI Credit cards on dining at Bangalore restaurants. Find the Bangalore restaurant credit card details and T&C on the site.,,N,Dining,2017-01-16,2019-03-31
,,Get 5% Cashback at Trends,N,Shopping,2017-08-31,2017-10-22
,,Get 5% Cashback,N,Shopping,2017-02-01,2017-02-05
,,5% Cashback on EMI trxn. on Samsung Consumer Durable,N,Shopping,2017-08-08,2017-08-16
,,15% on at airbnb,N,Travel,2016-10-24,2016-12-31
,,Get 5% Cashback at Reliance Trends,N,Shopping,2017-09-15,2017-10-22
,,Unlimited Discounts on JetAirways,N,Travel,2017-01-17,2017-03-31
,,10% Off on VU television at Flipkart,Y,Shopping,2018-11-27,2018-11-30
,,15% Cashback at Amazon,N,Shopping,2016-10-24,2016-10-28
,,Get 5% Cashback,N,Shopping,2017-01-19,2017-01-26
,,5% Off on Honor 9 Lite,Y,Shopping,2018-02-12,2018-02-13
,,Upto 15% off,N,Travel,2017-03-06,2017-04-07
,,,Y,Travel,2016-08-17,2016-12-31
,,Additional 5% Cashback at ColorPlus,N,Shopping,2016-09-16,2016-10-09
,,Poorvika Mobile World Offer,N,Shopping|my-city-offers,2018-12-17,2019-01-15
,,Get 5% Cashback at Shoppers Stop,N,Shopping,2018-08-17,2018-09-16
,,Rs 5000 Off on iPhoneX,Y,Shopping,2017-12-06,2017-12-09
,,Enjoy 5% Cashback at Star Bazaar,N,Shopping,2016-02-11,2016-03-04
,,Additional 5% Cashback at Ritu Wears,N,Shopping,2016-06-23,2016-08-15
Delhi Restaurant Offers on SBI Credit Cards,Get 15% discount with SBI Credit cards on dining at Delhi restaurants. Find the Delhi restaurant credit card details and T&C on the site.,,N,Dining,2017-01-16,2019-03-31
,,LOTUS Electronics Festive Offer,N,Shopping,2016-09-28,2016-10-31
,,Additional 5% Cashback at Reliance Trends,N,Shopping,2016-12-14,2017-01-29
,,10% Off on Lenovo P2 at Flipkart,N,,2017-01-11,2017-01-13
,,Additional 5% Cashback at babyoye,N,Shopping,2016-06-24,2016-07-10
,,Visa luxury hotel collection,N,Travel,2014-04-01,2015-12-31
,,10% Off at Snapdeal,Y,Shopping,2018-08-31,2018-09-06
,,Rs. 7000 Cashback on Apple Macbook,N,Shopping,2017-01-12,2017-04-09
,,Surat City - Special Offer,N,Shopping|my-city-offers,2018-08-02,2018-10-31
,,Flat 55% off on bookings at OYO Hotels,Y,Travel,2018-12-04,2018-12-20
,,,Y,Shopping,2015-12-18,2016-01-31
,,10% Cashback at Myntra,N,Shopping,2016-07-01,2016-07-03
Get 5% Cashback at HomeTown,Get 5% Cashback at HomeTown,Get 5% Cashback at HomeTown,N,Shopping,2019-01-04,2019-02-15
,,10% Cashback on EMI transaction on Voltas ACs,Y,Shopping,2017-06-16,2017-07-10
,,Apple iPhone 5S Rs.5000 cashback,N,Shopping,2017-03-03,2017-03-18
,,BOSE 10% Discount Offer,N,Shopping,2017-01-25,2017-01-29
,,LULU Brands Offer,N,Shopping,2016-12-14,2017-01-15
,,Best culinary offers in your city. Know more.,Y,Dining,2015-01-15,2015-07-31
,,5% Cashback on EMI trxn. on Air Purifier at Flipkart,N,Shopping,2016-12-27,2017-01-31
,,5% Cashback at Croma Stores & Croma.com,N,Shopping,2016-04-15,2016-05-22
,,Exclusive discounts at ebay.in,N,Shopping,2017-03-09,2017-03-31
,,Avail Discount offer on Flight & Hotel,N,Travel,2016-08-01,2016-08-05
,,Vasanth&Co Cashback Offer,N,Shopping,2018-02-16,2018-03-18
,,Rs 2000 cashback on OnePlus 6,Y,Shopping,2018-05-18,2018-05-17
,,5% Off on mobiles at Flipkart,Y,Shopping,2018-06-25,2018-06-28
,,5% Cashback on EMI trxn. on HP products,N,Shopping,2017-01-24,2017-02-23
,,Get Upto 30% off at Koovs.Com,N,Shopping,2016-02-11,2016-03-31
,,Bismi Hypermarket Offer,N,Shopping|my-city-offers,2017-08-21,2017-09-03
,,Get  5% Cashback,N,Shopping,2016-08-10,2016-08-21
,,5% Instant Discount at Shopclues,N,Shopping,2017-03-15,2017-03-23
,,Flat Rs 800 Off on Moto e3 Power,N,Shopping,2016-09-19,2016-09-20
,,10% Off on Non EMI and 6 & 12 month EMI trxn,N,Shopping,2016-10-19,2016-11-12
,,Apollo Pharmacy Discount Offer,N,Lifestyle,2017-06-08,2017-07-09
,,Get 5% Cashback at Pantaloons,N,Shopping,2018-08-30,2018-10-14
,,10% cashback on Samsung mobiles,N,Shopping,2017-03-04,2017-03-15
,,Exclusive International Offer - Visa Paris and London Shopping,N,Travel,2014-04-01,2015-09-30
,,5% Cashback on EMI trxn. on Samsung Consumer Durable,N,Shopping,2017-08-01,2017-09-15
,,Free 4N/5D trip to Thailand for 2,N,Travel,2017-04-28,2017-06-30
,,Upto 10% off on international SIM Cards,N,Travel,2016-01-05,2016-12-15
,,5% Cashback at Reliance Trends,N,Shopping,2016-06-22,2016-08-15
,,10% Off,N,Travel,2017-02-14,2017-10-31
,,Get  5% Cashback,N,Shopping,2018-04-06,2018-04-18
,,LULU Brands Cashback Offer,N,Shopping,2018-08-03,2018-08-15
,,Get Flat 10% off at Hotels.com,Y,Travel,2016-01-18,2016-06-30
,,10% Off on Moto G5 Plus at Flipkart,N,Shopping,2017-03-15,2017-03-16
,,Flat Rs 1500 cashback on OnePlus 5,Y,Shopping,2017-06-22,2017-06-28
,,Additional 5% Discount at shoppersstop.com,N,Shopping,2016-06-24,2016-07-24
,,Exciting Shopping Offers in Baroda,N,Shopping,2016-11-04,2016-12-31
,,Upto 10% Cashback on Samsung Mobile - Onam,N,Shopping,2017-08-11,2017-09-05
,,Get Rs 1000 Discount at Rouch,N,Shopping,2018-08-08,2018-09-09
,,,N,Travel,2015-12-01,2015-12-31
,,,N,Shopping,2017-06-24,2017-07-23
,,Avail 5% Cashback on EMI trxn,N,Travel,2016-12-13,2017-01-15
PAI International Cashback,PAI International Cashback,PAI International 5% Cashback Offer,N,Shopping,2018-12-21,2019-01-28
,,BOSE 10% Discount Offer,N,Shopping,2017-02-08,2017-02-14
,,Additional 5% Cashback at “The Arvind store",N,Shopping,2017-01-09,2017-02-12
,,OnePlus EMI Offer,Y,Shopping,2018-08-03,2018-08-15
,,ESTORE Travel offer,Y,Travel,2017-12-22,2018-03-31
,,LOTUS Electronics New Year Offer,N,Shopping,2016-12-22,2017-02-01
,,Musafir Travel Discounts,N,Travel,2017-04-12,2017-05-31
,,Akbar Travels Offers,N,Travel,2017-08-08,2018-01-12
,,15% off on your Airbnb Stay,N,Travel,2017-01-16,2017-03-31
,,Travel offers at bigbreaks.com,Y,Travel,2018-02-16,2018-06-30
,,Get 5% cashback,N,Travel,2019-01-23,2019-01-27
,,Additional 10% Off at Snapdeal,N,Shopping,2017-03-31,2017-04-03
,,Get Additional 5% Discount,N,Shopping,2016-04-28,2016-05-04
,,20% off on Air Asia Base price,Y,Travel,2016-06-27,2016-07-10
,,Canon 5% Cashback Offer,N,Shopping,2018-11-01,2018-11-21
10% Discount at Jabong on SBI Credit Cards,Get 10% instant discount at Jabong with your SBI Credit Cards. Find credit card offer details  terms & conditions today!,Get 10% Instant Discount at Jabong,Y,Shopping,2019-01-04,2019-01-08
,,POTHYS cashback Offer,N,Shopping,2018-12-11,2018-12-25
,,Get 5% cashback,N,Shopping,2018-06-01,2018-06-04
,,5% Cashback on Haier Products,N,Shopping,2018-10-04,2018-11-10
,,Sargam Electronics 5% Cashback Offer,N,Shopping|my-city-offers,2018-04-13,2018-05-13
,,10% discount,N,Travel,2017-03-22,2018-02-14
,,Amazing Travel offers,N,Travel,2016-07-12,2016-12-31
,,Get 5% cashback,N,Shopping,2016-09-30,2016-10-04
,,10% Instant Discount at Amazon.in,N,Shopping,2018-08-08,2018-08-12
,,,N,Shopping,2016-02-04,2016-02-21
,,Viveks EMI cashback offer,N,Shopping|my-city-offers,2017-06-05,2017-07-02
,,Get 5% Cashback at Raymond,N,Shopping,2018-06-13,2018-08-05
,,Flat Rs 1500 cashback on OnePlus 5,Y,Shopping,2017-06-19,2017-07-02
,,IFB Discounts Up to 22%,N,Shopping|my-city-offers,2017-07-17,2017-08-31
,,Fashion Sale - 10% Cashback at Amazon,N,Shopping,2016-07-21,2016-07-24
,,Rs.1500 e-GV on EMI trxn,Y,Shopping,2018-05-11,2018-05-16
,,Additional 5% Cashback at Reliance Trends(Only in Kerala),N,Shopping,2016-08-16,2016-09-18
,,5% cashback at Flemingo Duty Free,N,Shopping,2016-04-28,2016-05-31
,,Additional 5% Cashback at Myntra,N,Shopping,2017-04-07,2017-04-10
,,Flat 25% off,N,Travel,2017-01-20,2017-02-05
,,Get 18% Discount at Shoppersstop.com,N,Shopping,2017-04-18,2017-06-30
10% Discount at ANDINDIA.com,10% Discount at www.andindia.com/secret-shop,10% Discount at ANDINDIA.com,Y,Shopping,2018-12-21,2019-01-31
,,Lucknow  Exciting - My City Offers,N,Shopping,2017-01-09,2017-01-31
,,,N,Dining,2017-04-21,2017-07-31
,,Flat Rs 650 Cashback on LG X-Screen,N,Shopping,2016-07-20,2016-08-20
Mumbai Restaurant Offers on SBI Credit Cards,Get 15% discount with SBI Credit cards on dining at Mumbai restaurants. Find the Mumbai restaurant credit card details and T&C on the site.,,N,Dining,2017-01-16,2019-03-31
,,Instant Discount Offers at Goibibo,Y,Travel,2017-11-01,2017-11-04
,,Flat 20% Off at Air Asia,Y,Travel,2018-06-01,2018-06-10
,,5% Cashback at Croma Stores & Croma.com,N,Shopping,2016-06-24,2016-07-24
,,Amazing Travel offers,N,Travel,2016-08-02,2016-09-30
,,Amazing Travel discount on Yatra,N,Travel,2016-10-18,2016-12-31
,,Additional 5% Cashback at EVOK Stores,N,Shopping,2016-07-23,2016-08-16
Pharmeasy Cashback Offer on SBI Credit Cards,Get amazing Pharmeasy cashback offer for SBI credit card holders on our website. Also  check out Pharmeasy credit card offer details  terms and conditions today!,5% Cashback at Pharmeasy.com,N,Shopping,2019-01-18,2019-02-20
,,Free JBl Headphones,N,Travel,2016-12-16,2017-01-31
,,5% Cashback on EMI trxn. at Shopclues,N,Shopping,2016-09-06,2016-09-26
,,Great Eastern Electronics Festive Offer,N,Shopping,2016-10-14,2016-10-31
,,Additional 5% Discount at KKCL Stores,N,Shopping,2016-06-21,2016-08-15
,,Upto Rs 600 off on domestic flights at Yatra,N,Travel,2018-04-04,2018-07-31
,,Get 5% Discount at Brand Factory,N,Shopping,2017-04-11,2017-04-12
Lucknow Restaurant Offers on SBI Credit Cards,Get 15% discount with SBI Credit cards on dining at Lucknow restaurants. Find the Lucknow restaurant credit card details and T&C on the site.,,N,Dining,2017-01-16,2019-03-31
,,Instant Discount of Rs 1000 on Honor 7 smartphone at Flipkart,N,Shopping,2015-12-02,2015-12-31
,,DIGI1 Electronics Cashback Offer,N,Shopping,2018-07-12,2018-08-12
,,Flat 10% off on Yu Yunicorn Phone,N,Shopping,2016-06-06,2016-06-07
,,Lotus Electronics Cashback,N,Shopping,2018-03-09,2018-04-09
Exclusive travel offers at SOTC.in,Get amazing SOTC offers for SBI credit card holders on our website. Also  check out SOTC credit card offer details  terms and conditions today!,Exclusive travel offers at SOTC.in,Y,Travel,2018-07-24,2018-12-31
,,Ramachandran Offer,N,Shopping|my-city-offers,2018-08-08,2018-09-03
,,Get the best for your home with SBI Card. Enjoy 5% Cashback on min. transaction of Rs.15000 & above,N,Shopping,2015-12-07,2015-12-31
,,5% Cashback,N,Shopping,2017-01-24,2017-02-23
Chandigarh Restaurant Offers on SBI Credit Cards,Get 15% discount with SBI Credit cards on dining at Chandigarh restaurants. Find the Chandigarh restaurant credit card details and T&C on the site.,,N,Dining,2017-01-16,2019-03-31
,,9% off at eBay.in,Y,Shopping,2017-08-18,2017-08-31
,,5% cashback on flights at www.airvistara.com,Y,Travel,2018-08-13,2018-08-15
,,10% Off at Flipkart,N,Shopping,2018-07-16,2018-07-19
,,15% Discount on Room rates,N,Travel,2015-11-20,2016-03-22
,,10% Off at Flipkart,Y,Shopping,2017-12-06,2017-12-09
,,5% Cashback at insider.in,Y,Shopping,2018-12-26,2018-12-31
,,10% Cashback on EMI transaction on Voltas ACs,N,Shopping,2017-05-10,2017-06-12
,,Get 35% Off at firstcry,N,Shopping,2017-05-04,2017-11-30
,,Get Rs 500 Off at bata.in,N,Shopping,2017-04-10,2017-08-31
,,Amazing Travel offers,N,Travel,2016-01-05,2016-05-31
,,Additional 5% Cashback at VIP Bags,N,Shopping,2016-07-01,2016-08-28
,,5% Cashback Offer at LG Shoppe,N,Shopping,2016-08-11,2016-08-16
,,SURYA CSD Canteen Lucknow Offer,N,Shopping,2017-01-06,2017-02-06
,,Ixigo Flights discount on Apparel purchase,N,Shopping|my-city-offers,2017-07-19,2017-09-30
,,Cleartrip.com - Up to Rs.4000 Cashback,Y,Travel,2018-02-28,2018-03-31
,,Great Eastern Electronics Republic Day Offer,N,Shopping,2017-01-20,2017-02-04
,,Additional 10% Instant Discount,N,Shopping,2017-03-21,2017-03-24
,,Guwahati City - Special Offer,N,my-city-offers,2018-07-24,2018-10-30
,,CMR MALLS Offer,N,Shopping,2016-12-30,2017-01-29
,,Rs 750 Off on Xiaomi Products at mi.com,Y,Shopping,2018-10-22,2018-10-25
Indore Restaurant Offers on SBI Credit Cards,Get 15% discount with SBI Credit cards on dining at Indore restaurants. Find the Indore restaurant credit card details and T&C on the site.,,N,Dining,2017-01-16,2019-03-31
,,Additional 10% Off at Snapdeal,N,Shopping,2016-12-05,2016-12-06
,,Get 5% Cashback,N,Shopping,2017-02-01,2017-02-05
,,Complimentary Dessert,N,Dining,2017-09-29,2017-10-31
,,Sathya Agencies Diwali Offer,N,Shopping|my-city-offers,2017-10-06,2017-10-31
,,Rs 800 Off on Motorola E5 Plus,Y,Shopping,2018-07-10,2018-07-12
,,The Chennai Mobiles Dusshera Diwali Offer,N,Shopping,2018-10-18,2018-11-08
,,,N,,2017-06-05,2017-06-05
,,Additional 10% Discount at Fabfurnish,N,Shopping,2017-03-02,2017-03-15
,,10% Cashback on holiday bookings at MakeMyTrip,Y,Travel,2018-05-29,2018-06-02
,,Pazhamudir Nilayam Cashback Offer,N,Shopping|my-city-offers,2018-06-14,2018-07-22
,,30% discounts,Y,Lifestyle,2018-05-21,2018-10-31
,,RS Brothers & South India Shopping Mall Offer,N,Shopping,2018-07-06,2018-08-05
,,Clay Telecom Offer,N,Travel,2017-03-06,2017-12-31
,,Get  Rs 100 Cashback,Y,Shopping,2015-12-09,2016-05-25
,,Additional 5% Cashback at Reliance Footprint,N,Shopping,2016-12-22,2017-01-29
,,Great Eastern Appliances Offer,N,Shopping,2017-03-29,2017-04-30
,,Get Additional 5% Discount,N,Shopping,2016-08-19,2016-10-11
,,Get 10% Discount at Satya Paul,N,Shopping,2017-04-12,2017-05-13
,,Amazing Cashback on Flight & Hotel offers,N,Shopping,2016-04-19,2016-04-22
,,Apple iPhone Cashback,N,Shopping,2018-06-27,2018-09-30
,,Travel offers at GoIbibo,Y,Travel,2018-01-24,2018-03-31
,,Get  5% Cashback,N,Shopping,2018-04-09,2018-04-18
,,Additional 15% Off at Snapdeal,N,Shopping,2017-01-06,2017-01-09
,,Nasik City - Special Offer,N,Shopping|my-city-offers,2018-07-27,2018-10-31
,,Get Flat 10% off at Hotels.com,Y,Travel,2016-01-18,2016-06-30
,,5% Cashback at Samsung Plaza,N,Shopping,2016-01-15,2016-01-31
,,,N,Dining,2017-01-16,2019-12-31
,,Amazing Travel discount on TravelGuru.com,N,Travel,2017-02-03,2017-03-31
,,5% Off at Big Bazaar,N,Shopping,2017-12-21,2017-12-25
,,Additional 5% Cashback at Max,N,Shopping,2016-12-27,2017-01-31
,,5% Cashback on Godrej Products - Onam,Y,Shopping,2018-08-14,2018-08-24
,,Get 5% Cashback at VIP Bags,N,Shopping,2018-12-31,2019-02-28
,,Get  5% Cashback,N,Shopping,2017-04-21,2017-04-29
,,5% Off on Xiaomi Products,N,Shopping,2018-04-04,2018-04-06
,,Additional 5% Discount at Brand Factory,N,Shopping,2016-09-30,2016-10-31
,,10% Cashback on Motorola Phones at Amazon.in,N,Shopping,2016-02-11,2016-06-21
Netmeds Offers on SBI Credit Cards,Get Netmeds offers on your SBI credits cards. Find Netmeds offer details  terms and conditions on our website.,Upto 30% benefits,N,Lifestyle,2018-04-05,2018-12-31
,,Amazing Travel offers,N,Travel,2016-07-04,2016-09-30
,,PAI International 5% Cashback Offer,N,Shopping|my-city-offers,2018-05-04,2018-06-17
,,Get 5% Cashback at Shoppers Stop,N,Shopping,2017-06-12,2017-06-18
,,,N,Dining,2017-04-20,2017-03-31
,,Fashion Sale - 10% Cashback at Flipkart,N,Shopping,2016-07-29,2016-07-31
,,Get 5% cashback,Y,Shopping,2016-08-05,2016-08-17
,,Get 10% Off on Samsung Galaxy On Nxt & On8,N,Shopping,2016-11-09,2016-11-11
,,Goibibo Select city Offers,N,Travel,2017-05-26,2017-06-20
,,Get 5% Cashback at Pantaloons,N,Shopping,2018-09-27,2018-11-07
,,5% Off on Large Appliances at Flipkart,Y,Shopping,2018-06-26,2018-06-29
,,Upto Rs 1000 off at Yatra,Y,Travel,2017-09-19,2017-09-23
,,up to 50% off,Y,Travel,2016-01-13,2016-07-31
,,Deekay Electronics Offer,N,Shopping,2016-12-09,2017-01-10
,,The Chennai Mobiles Diwali Offer,N,Shopping,2017-10-06,2017-10-31
,,DLF Shopping Malls cashback Offer,N,my-city-offers,2017-11-20,2018-02-02
Hyderabad Restaurant Offers on SBI Credit Cards,Get 15% discount with SBI Credit cards on dining at Hyderabad restaurants. Find the Hyderabad restaurant credit card details and T&C on the site.,,N,Dining,2017-01-16,2019-03-31
,,Free Yatra vouchers worth up to Rs3000/-,N,Travel,2017-04-26,2017-05-31
Kolkata Restaurant Offers on SBI Credit Cards,Get 15% discount with SBI Credit cards on dining at Kolkata restaurants. Find the Kolkata restaurant credit card details and T&C on the site.,,N,Dining,2017-01-16,2019-03-31
,,,N,,2016-04-26,2016-05-15
,,,Y,Lifestyle|Dining|Shopping|Travel,2015-02-01,2021-04-30
,,Get Additional 5% Discount,N,Shopping,2015-10-14,2015-10-22
,,,N,,2016-06-11,2016-07-05
,,Get 18% discount,Y,Lifestyle,2018-02-09,2018-02-28
,,Healthkart.com 10% Discount Offer,Y,Lifestyle,2018-05-08,2018-10-31
,,Activation,Y,Lifestyle|Dining|Shopping|Travel,2015-02-01,2021-04-30
,,,N,Lifestyle|Dining|Shopping|Travel,2017-08-10,2017-09-30
,,Activation,Y,Lifestyle|Dining|Shopping|Travel,2015-02-01,2021-04-30
Apollo Hospitals Offer,Get amazing Apollo Hospitals offers for SBI credit card holders on our website. Also  check out Apollo Hospitals credit card offer details  terms and conditions today!,Apollo Hospitals Offer,N,Lifestyle,2018-11-15,2019-03-31
,,,N,,2016-08-25,2016-08-31
Flexipay Festive Offers,Now  pay back for big transactions in flexible EMIs at lower interest rates for a limited time with SBI Card Flexipay service. Find more details on our website.,,N,Shopping,2018-10-16,2018-12-15
,,Get 10% Discount at Titan Eye Plus,N,Lifestyle,2017-02-21,2017-03-31
,,,Y,Lifestyle|Dining|Shopping|Travel,2015-02-01,2021-04-30
,,,Y,Lifestyle,2018-02-12,2018-02-28
,,,N,Lifestyle|Dining|Shopping|Travel,2016-12-01,2017-01-31
,,,N,,2016-04-26,2016-05-15
,,Get 10% Cashback on Air conditioners,N,Departmental Store,2015-01-15,2015-05-30
,,,N,Lifestyle|Dining|Shopping|Travel,2016-12-01,2017-01-31
,,,N,Lifestyle|Dining|Shopping|Travel,2017-08-10,2017-08-31
,,,Y,Lifestyle|Dining|Shopping|Travel,2015-02-01,2021-04-30
,,Enjoy 30% discount on annual subscription. Know more.,Y,Lifestyle,2015-04-01,2015-04-30
,,,N,,2016-09-02,2016-09-30
,,,N,,2016-07-19,2016-08-12
,,,N,,2016-06-11,2016-07-05
,,,N,Lifestyle|Dining|Shopping|Travel,2017-08-10,2017-09-30
,,,N,Lifestyle|Dining|Shopping|Travel,2017-08-10,2017-08-31
,,,N,Shopping,2017-03-31,2017-04-12
,,,N,,2016-04-26,2016-05-15
,,,N,,2016-07-19,2016-08-12
,,Activation,Y,Lifestyle|Dining|Shopping|Travel,2015-02-01,2021-04-30
,,,Y,Lifestyle|Dining|Shopping|Travel,2015-02-01,2021-04-30
,,Exclusive offers,Y,Lifestyle,2015-04-01,2015-06-30
,,Set AutoPay and get Cashback upto Rs 250/-,Y,Lifestyle,2016-01-11,2016-01-31
,,,N,,2016-06-09,2016-06-30
,,Activation,Y,Lifestyle|Dining|Shopping|Travel,2015-02-01,2021-04-30
,,Get 10% discount,N,Lifestyle,2016-09-08,2016-11-30
,,,N,Lifestyle|Dining|Shopping|Travel,2017-08-10,2017-08-31
,,,N,,2016-06-11,2016-07-05
,,This is non s2s offers,N,Lifestyle|Dining|Shopping|Travel,2015-03-12,2020-04-29
,,,N,,2016-07-19,2016-08-12
,,CULT.FIT 10% Cashback Offer,Y,Lifestyle,2018-07-31,2018-08-03
,,,N,,2016-09-02,2016-09-30
,,,N,,2016-04-26,2016-05-15
,,,N,Lifestyle|Dining|Shopping|Travel,2015-02-01,2021-04-30
,,Exclusive offer for fbb SBI STYLEUP Card,N,Lifestyle,2016-12-15,2016-12-22
,,Home Cleaning services offer,N,Lifestyle,2017-05-03,2017-05-31
,,,N,Lifestyle|Dining|Shopping|Travel,2017-08-10,2017-09-30
,,Get Additional 5% Cashback,N,Shopping,2015-10-14,2015-11-15
Apollo Diagnostics Offer,Get amazing Apollo Diagnostics offers for SBI credit card holders on our website. Also  check out Apollo Diagnostics credit card offer details  terms and conditions today!,Apollo Diagnostics Offer,N,Lifestyle,2018-07-30,2019-03-31
,,Enjoy 65% off on annual digital subscription of e-magazines,Y,Lifestyle,2015-04-01,2015-07-31
,,Activation,Y,Lifestyle|Dining|Shopping|Travel,2015-02-01,2023-04-30
,,Get 20% discount,Y,Lifestyle,2018-02-09,2018-02-28
,,ABOF.COM SHOPPING OFFER,N,Visa Offers,2016-09-26,2017-08-31
,,,N,,2016-07-19,2016-08-12
,,Zoomin.com Customized Gifting,N,Lifestyle,2017-01-31,2017-02-10
,,,N,,2016-06-09,2016-06-30
,,,N,,2016-07-19,2016-08-12
,,,Y,Lifestyle|Dining|Shopping|Travel,2015-02-01,2022-04-30
,,,N,,2016-04-26,2016-05-15
,,This is non s2s offers,N,Lifestyle|Dining|Shopping|Travel,2015-03-12,2022-11-30
,,Activation,Y,Lifestyle|Dining|Shopping|Travel,2015-02-01,2021-04-30
,,,N,,2016-10-16,2016-11-06
,,,N,Lifestyle|Dining|Shopping|Travel,2015-03-12,2022-04-30
,,Get Additional 5% Cashback,Y,Lifestyle,2015-10-16,2015-10-22
,,,N,,2016-06-11,2016-07-05
,,Get  5% discount,Y,Lifestyle,2016-02-11,2016-02-28
,,,N,,2016-06-11,2016-07-05
,,,Y,Lifestyle|Dining|Shopping|Travel,2015-02-01,2021-04-30
,,This is non s2s offers,N,Lifestyle|Dining|Shopping|Travel,2015-03-12,2021-04-29
,,5% Cashback at mytatasky.com,Y,Lifestyle,2016-01-15,2016-04-30
,,DOMINOS DINING OFFER,N,Visa Offers,2016-09-26,2016-12-31
Ask Apollo Online consultation discount,Get amazing Apollo Online offers for SBI credit card holders on our website. Also  check out Apollo Online credit card offer details  terms and conditions today!,Ask Apollo Online consultation discount,N,Lifestyle,2018-07-30,2019-02-28
,,,N,,2017-01-10,2017-01-31
,,Activation,Y,Lifestyle|Dining|Shopping|Travel,2015-02-01,2022-04-30
,,Wellness Offers,N,Lifestyle,2017-02-10,2017-03-31
,,This is non s2s offers,N,Lifestyle|Dining|Shopping|Travel,2015-03-12,2022-11-30
,,The Week + Britannica Offer,Y,Lifestyle,2018-04-27,2018-08-31
,,JACK & JONES SHOPPING OFFER,N,Visa Offers,2016-09-26,2017-01-24
,,,N,Lifestyle|Dining|Shopping|Travel,2016-12-01,2017-01-31
,,Home Hygiene Services Offer,N,Lifestyle,2016-11-10,2016-11-30
,,,N,Lifestyle|Dining|Shopping|Travel,2017-08-10,2017-09-30
,,,N,,2016-04-26,2016-05-15
,,,N,Lifestyle|Dining|Shopping|Travel,2017-08-10,2017-08-31
Apollo White Dental Offer,Get amazing Apollo offers for SBI credit card holders on our website. Also  check out Apollo credit card offer details  terms and conditions today!,Apollo White Dental Offer,N,Lifestyle,2018-11-21,2019-03-31
,,,N,,2016-09-02,2016-09-30
,,,N,,2016-06-11,2016-07-05
,,Get 5% Cashback,N,Lifestyle,2015-10-14,2015-11-15
,,Upto 25% off on Buffet,N,Dining,2017-08-08,2017-09-04
,,,N,Lifestyle|Dining|Shopping|Travel,2017-08-10,2017-09-30
,,,N,Lifestyle|Dining|Shopping|Travel,2017-08-10,2017-08-31
,,Activation,Y,Lifestyle|Dining|Shopping|Travel,2015-02-01,2021-04-30
,,PUREIT Water & Air purifiers Offer,N,Lifestyle|my-city-offers,2018-01-12,2018-01-31
,,,N,,2016-04-26,2016-05-15
,,,N,,2016-04-26,2016-05-15
,,,N,Shopping,2018-08-10,2018-09-05
,,,N,,2016-07-19,2016-08-12
,,,N,Lifestyle|Dining|Shopping|Travel,2016-12-01,2017-01-31
Bodyshop EMI Offers on SBI Credit Cards,Get Bodyshop EMI Offers on your SBI credits cards. Find Bodyshop offer details  terms and conditions on our website.,EMI at Bodyshop.in,Y,Lifestyle,2018-04-06,2021-12-31
Indushealth Offers on SBI Credit Cards,Get Indushealth offers on your SBI credits cards. Find Indushealth offer details  terms and conditions on our website.,13% Discount on Health packages,Y,Lifestyle,2018-04-05,2018-12-31
,,Activation,Y,Lifestyle|Dining|Shopping|Travel,2015-02-01,2021-04-30
,,Activation,Y,Lifestyle|Dining|Shopping|Travel,2015-02-01,2022-04-30
,,,N,Lifestyle|Dining|Shopping|Travel,2017-08-10,2017-08-31
,,,N,Lifestyle|Dining|Shopping|Travel,2016-12-01,2017-01-31
,,,N,Lifestyle|Dining|Shopping|Travel,2015-03-12,2022-04-30
Apollo Fertility Offer,Get amazing Apollo Fertility offers for SBI credit card holders on our website. Also  check out Apollo Fertility credit card offer details  terms and conditions today!,Apollo Fertility Offer,N,Lifestyle,2018-08-29,2019-03-31
Apollo Cradle Offer,Get amazing Apollo Cradle offers for SBI credit card holders on our website. Also  check out Apollo Cradle credit card offer details  terms and conditions today!,Apollo Cradle Offer,N,Lifestyle,2018-08-29,2019-03-31
,,,N,Lifestyle|Dining|Shopping|Travel,2015-02-01,2022-04-30
,,,N,,2016-07-19,2016-08-12
,,,N,,2016-06-11,2016-07-05
,,Home Hygiene services offer,Y,Lifestyle,2016-08-22,2016-10-31
,,,N,,2016-09-02,2016-09-30
,,Durian Furnitures Offer,N,Shopping|my-city-offers,2018-01-12,2018-01-28
,,Additional 10% Discount at VLCC,N,Lifestyle,2018-02-09,2018-03-31
Apollo Spectra Offer,Get amazing Apollo Spectra offers for SBI credit card holders on our website. Also  check out Apollo Spectra credit card offer details  terms and conditions today!,Apollo Spectra Offer,N,Lifestyle,2018-07-31,2019-03-31
,,Activation,Y,Lifestyle|Dining|Shopping|Travel,2015-02-01,2021-04-30
,,,N,Lifestyle|Dining|Shopping|Travel,2017-08-10,2017-09-30
,,,N,Lifestyle|Dining|Shopping|Travel,2016-12-01,2017-01-31
,,Activation,Y,Lifestyle|Dining|Shopping|Travel,2015-02-01,2022-04-30
Apollo Life Studio Offer,Get amazing Apollo Life Studio offers for SBI credit card holders on our website. Also  check out Apollo Life Studio credit card offer details  terms and conditions today!,Apollo Life Studio Offer,N,Lifestyle,2018-07-26,2019-01-16
,,,N,,2016-07-19,2016-08-12
,,,Y,Lifestyle|Dining|Shopping|Travel,2015-02-01,2022-04-30
,,,N,,2016-06-09,2016-06-30
,,This is non s2s offers,N,Lifestyle|Dining|Shopping|Travel,2015-03-12,2021-04-29
Policy-bazaar EMI Offers on SBI Credit Cards,Get Policy-bazaar EMI Offers on your SBI credits cards. Find Policy-bazaar offer details  terms and conditions on our website.,EMI offer on your SBI Card on Policy Bazaar,N,Shopping,2018-03-26,2021-12-31
,,,N,,2016-07-19,2016-08-12
,,,N,,2016-09-02,2016-09-30
,,This is non s2s offers,N,Lifestyle|Dining|Shopping|Travel,2015-03-12,2022-11-30
,,This is non s2s offers,N,Lifestyle|Dining|Shopping|Travel,2015-03-12,2021-04-29
,,Get 5% discount,Y,Lifestyle,2018-02-13,2018-02-12
,,PUMA.COM SHOPPING OFFER,N,Visa Offers,2016-09-26,2017-07-24
,,Exclusive Jewellery Offers,N,Lifestyle,2016-10-14,2016-10-31
,,,N,,2016-04-26,2016-05-15
,,,Y,Lifestyle|Dining|Shopping|Travel,2015-02-01,2022-04-30
Medanta Hospitals Offer,Get amazing Medanta offers for SBI credit card holders on our website. Also  check out Medanta credit card offer details  terms and conditions today!,Medanta Hospitals Offer,N,Lifestyle,2018-08-31,2018-12-31
Apollo Clinics Offer,Get amazing Apollo Clinics offers for SBI credit card holders on our website. Also  check out Apollo Clinics credit card offer details  terms and conditions today!,Apollo Clinics Offer,N,Lifestyle,2018-08-29,2019-01-31
,,10%* off on Flipkart Mobile App,Y,Lifestyle|Shopping,2015-10-14,2015-10-17
,,JABONG SHOPPING OFFER,N,Visa Offers,2016-09-26,2017-01-24
,,,Y,Lifestyle|Dining|Shopping|Travel,2015-02-01,2021-04-30
,,,N,,2016-04-26,2016-05-15
,,10% cashback on Mobile  DTH  Data Card and Bill Payments. Know more.,Y,Lifestyle,2015-04-01,2015-05-31
,,Upto 40% discount on Health Care atHome,N,Lifestyle,2018-05-08,2018-10-31
,,Get exclusive offers with your Federal Bank - SBI Card,N,Shopping,2017-03-21,2017-04-10
,,Get Additional 5% Cashback,N,Shopping,2015-10-14,2015-11-22
,,Get 5% discount,Y,Lifestyle,2018-02-13,2018-02-28
Apollo Pharmacy Discount Offer,Get amazing Apollo Pharmacy offers for SBI credit card holders on our website. Also  check out Apollo Pharmacy credit card offer details  terms and conditions today!,Apollo Pharmacy Discount Offer,N,Lifestyle,2018-11-22,2019-03-31
,,Activation,Y,Lifestyle|Dining|Shopping|Travel,2015-02-01,2022-04-30
,,,N,,2016-06-11,2016-07-05
,,JOYALUKKAS JEWELRY OFFER,N,Visa Offers,2016-09-26,2017-03-31
,,This is non s2s offers,N,Lifestyle|Dining|Shopping|Travel,2015-03-12,2022-11-30
,,Upto 25% off at finest restaurants across Thailand  Singapore and UAE,Y,Travel,2015-10-30,2016-03-31
,,Upto 20% discount on Preventive health check Packages,N,Travel,2015-10-30,2016-06-30
,,Exclusive Accor Plus Membership Offer,Y,Dining,2015-12-23,2016-05-31
,,Avail access to 10 airport lounges,Y,Dining,2018-02-13,2018-09-30
,,Access to 10 airport lounges across India-  complimentary heavenly meals  free wi-fi .,N,Travel,2014-12-17,2015-09-30
,,Upto 10% Discount on flights to US  Europe  Canada and UK,N,Travel,2015-10-30,2015-12-31
,,10% discount on Best Available Rate,Y,Travel,2017-05-26,2017-07-04
,,Priority Pass,N,,2017-01-23,2017-12-31
,,Upto 75% Off + Extra 10% Off* on hotel bookings,Y,Travel,2017-05-16,2017-07-31
,,10% discount on Best Available Rate,N,Travel,2017-05-26,2017-09-30
,,10%off on the Best Unrestricted Rate,N,Travel,2014-12-22,2015-08-31
,,,Y,Travel,2015-11-02,2017-03-14
,,Get 10% Off on AVIS,Y,Travel,2017-11-01,2018-07-31
,,Get 15% Discount on Airbnb,N,Travel,2016-11-08,2016-12-31
,,Up to 15% Off at Apollo Hospitals,Y,Lifestyle,2018-08-29,2018-12-31
,,Flat Rs.750 Off on Hotel Room Booking,Y,Travel,2018-02-02,2018-03-31
,,Smart rates for Smart offices,N,Travel,2015-10-30,2016-01-05
,,Avail a Complimentary Gold Membership,N,Travel,2015-10-30,2016-03-31
,,Now get 10% discount on all flights booked on www.indigo.in . Know more,Y,Travel,2014-12-21,2015-12-31
,,Avail upto 10% off* on Business and Economy class fares,N,Travel,2015-10-30,2016-03-31
,,Get 20% discount* on Car rentals at www.avis.co.in,Y,Travel,2015-11-02,2017-03-14
,,Flat 8% discount on Airline bookings,N,,2016-07-01,2016-12-31
,,Exclusive Accor Plus Membership Offer,N,,2015-12-23,2016-05-31
,,Exclusive discounts with Spicejet,Y,Travel,2017-07-27,2017-09-30
,,Get 10% off* on Best Available Rate at Ginger Hotels,Y,,2016-08-01,2017-03-31
,,Get upto 10%* discount on your travel bookings.,N,Travel,2015-11-02,2017-01-31
,,Flat 30% Off at OYO Rooms,N,Travel,2018-04-20,2018-04-19
,,Upto 15% off on Business and Economy Class,N,Travel,2017-02-13,2017-04-07
,,Plan your travel through via.com & get exclusive discounts*,N,Travel,2016-06-27,2017-06-30
,,,Y,Dining,2018-02-13,2018-09-30
,,Enjoy 10% Off on Hertz,N,Travel,2017-11-14,2017-12-31
,,Now get 10% discount on all flights booked on www.indigo.in . Know more,Y,Travel,2014-12-21,2015-05-31
,,Avail flat 20%*off at Dominos,N,,2015-12-30,2016-12-31
,,Convenient Commute within easy reach!,N,Travel,2015-11-23,2016-09-17
,,Upto Rs. 3000 Off at Yatra,Y,Travel,2018-04-20,2018-12-31
,,Get upto 12% discount on British Airways,N,Travel,2016-09-08,2016-10-31
,,,N,Dining,2017-10-12,2017-10-18
,,Exclusive EMI offer on your SBI Card at nearest LG Shoppe,N,Shopping,2015-04-02,2023-04-30
,,International travel offers at MakeMyTrip,Y,Travel,2018-09-28,2018-12-31
,,Zoomcar Cashback Offer,N,Travel,2018-11-22,2018-12-22
,,40% Off on OYO hotels at GoIbibo,Y,Travel,2018-11-23,2018-12-04
,,Flat Rs 600 off on domestic flights at Ixigo,Y,Travel,2018-11-06,2018-12-31
,,MakeMyTrip Offers,Y,Travel,2018-11-06,2018-12-31
,,Travel offers at GoIbibo,Y,Travel,2018-11-06,2018-12-31
,,,N,,2018-08-01,2018-08-16
,,Test HG,N,Shopping,2016-10-14,2016-10-24
,,Exclusive travel offers at TravelXP,Y,Travel,2018-07-09,2019-06-30
,,Clarks Hotels Offer,Y,Travel,2018-06-14,2019-06-14
,,,N,Shopping,2016-12-01,2017-01-10
,,,N,Lifestyle|Dining|Shopping|Travel,2016-12-01,2017-01-31
,,Exclusive EMI offer on your SBI Card at nearest HP store,N,Shopping,2014-04-01,2020-04-30
,,Exclusive EMI offer on your SBI Card at nearest Dr Batra Clinic,N,,2015-01-15,2020-04-30
,,Exclusive EMI offer on your SBI Card at nearest Hotspot Store,N,,2015-01-15,2024-04-30
,,Exclusive EMI offer on your SBI Card at nearest Bose store,N,Shopping,2014-04-01,2020-04-30
,,Exclusive EMI offer on your SBI Card at nearest Reliance Digital store,N,,2015-04-02,2029-09-30
,,Exclusive EMI offer on your SBI Card at nearest Sangeetha store,N,,2015-04-01,2021-04-30
,,Exclusive EMI offer on your SBI Card at nearest Croma store,N,,2014-04-01,2025-04-30
,,Exclusive EMI offer on your SBI Card at nearest Canon store,N,Shopping,2015-04-03,2020-04-30
,,Exclusive EMI offer on your SBI Card at Lenovo stores,N,,2014-04-01,2025-04-30
,,Exclusive EMI offer on your SBI Card at nearest LG Mobile store,N,,2015-01-15,2020-09-30
,,Exclusive EMI offer on your SBI Card at nearest Sony Mobile store,N,,2014-04-01,2023-04-29
,,Exclusive EMI offer on your SBI Card at Hitachi stores,N,,2014-04-01,2020-04-30
,,Exclusive EMI offer on your SBI Card at nearest Sleepwell store,N,,2015-01-15,2020-04-30
,,Exclusive EMI offer on your SBI Card at nearest Nikon store,N,Shopping,2015-01-15,2020-04-30
,,Exclusive EMI offer on your SBI Card at nearest Univercell store,N,,2015-04-01,2023-04-30
,,Exclusive EMI offer on your SBI Card at nearest Sony store,N,Shopping,2014-04-01,2023-04-30
,,Exclusive EMI offer on your SBI Card at nearest VLCC outlet,N,,2015-01-15,2020-04-30
,,EMI at Home Town Stores,Y,Shopping,2018-04-11,2021-12-31
,,EMI at Shoppers Stop Stores,Y,Shopping,2018-04-11,2021-12-31
,,EMI offer on your SBI Card at nearest Oppo Stores,N,Shopping,2018-03-26,2021-12-31
,,EMI offer on your SBI Card at nearest Vivo Stores,N,Shopping,2018-03-26,2021-12-31
,,Upto 8% discount at Pinki Travels,Y,Travel,2018-03-16,2018-12-31
,,10%off on the Best Unrestricted Rate,N,Travel,2014-12-22,2015-06-01
,,,Y,Lifestyle,2015-02-01,2015-03-31
,,,N,,2015-03-10,2015-03-16
,,,N,,2015-02-01,2015-03-15
,,,Y,Lifestyle,2015-02-01,2015-04-30
,,,N,,2015-02-01,2015-03-15
,,,N,,2017-04-10,2017-04-25
,,,Y,Lifestyle,2015-02-01,2015-04-30
